Training RMSE,Training MSE,Test RMSE,Test MSE,Number of Inputs Node,Number of Hidden Node,Number of Epochs
0.2204132503802249,0.04858200094317571,0.24531647450294816,0.06018017266255562,6,3,1,
0.22229257479167752,0.04941398880751354,0.24706355955783563,0.06104040246138819,6,3,2,
0.2243560444309821,0.05033563467271681,0.2489621049539412,0.06198212970309723,6,3,3,
0.22660529105841978,0.051349957935671146,0.25099590468354,0.0629989441679087,6,3,4,
0.22904094789662505,0.05245975581338451,0.25316001301635827,0.06408999219044269,6,3,5,
0.23165624070926757,0.05366461385955012,0.2554475720183779,0.06525346205008438,6,3,6,
0.2344330518045511,0.054958855778395335,0.2578455602604848,0.06648433294604328,6,3,7,
0.23734073112412368,0.056330622650533575,0.26033369024870273,0.0677736302785075,6,3,8,
0.24033766623955852,0.05776219381347742,0.2628851771049247,0.06910861634148763,6,3,9,
0.24337545172367056,0.059231610501700706,0.2654689986818679,0.0704737892611536,6,3,10,
0.2464045075582116,0.06071518134500477,0.2680529782662795,0.07185239915742252,6,3,11,
0.2493794430864618,0.06219010663411384,0.2706068190755551,0.07322805053019021,6,3,12,
0.2522627977821992,0.0636365191449027,0.273104387160065,0.07458600628607467,6,3,13,
0.2550266819823113,0.06503860852290697,0.27552494488179713,0.07591399525211734,6,3,14,
0.25765264389317405,0.06638488490514277,0.27785341749815223,0.0772025216154025,6,3,15,
0.26013044482664044,0.06766784832570584,0.28007997742770224,0.07844479375590219,6,3,16,
0.26245638677211897,0.0688833549574761,0.282199259302629,0.07963642195095245,6,3,17,
0.2646316269296432,0.07002989797142987,0.2842094521570252,0.08077501269539639,6,3,18,
0.2666607027324946,0.07110793038178784,0.28611142452724236,0.08185974724500791,6,3,19,
0.2685503444220827,0.07211928748921924,0.28790796166926735,0.08289099439255233,6,3,20,
0.27030857155854016,0.07306672385801842,0.2896031422915,0.08386998002511081,6,3,21,
0.2719440345904779,0.07395355794934702,0.2912018525075612,0.08479851890383543,6,3,22,
0.27346555290320224,0.0747834086246541,0.292709420551955,0.08567880487986125,6,3,23,
0.27488180322930067,0.07556000574659197,0.2941313510424764,0.08651325166607249,6,3,24,
0.2762011193981632,0.0762870583567984,0.29547313781520146,0.08730437517036105,6,3,25,
0.27743137239065885,0.07696816638656444,0.29674013685689393,0.08805470882184815,6,3,26,
0.2785799069491442,0.07760676455579384,0.29793748407795845,0.08876674441870373,6,3,27,
0.2796535170407204,0.07820608959324447,0.2990700458328421,0.08944289231445826,6,3,28,
0.2806584472418032,0.07876916400818004,0.3001423928707078,0.09008545599815433,6,3,29,
0.28160041075658643,0.07929879133827819,0.3011587906880085,0.0906966172086637,6,3,30,
0.2824846175065305,0.07979755912781082,0.3021232010701036,0.09127842862484625,6,3,31,
0.28331580773193854,0.08026784691080077,0.3030392910119031,0.0918328118969969,6,3,32,
0.2840982880010093,0.0807118372451044,0.3039104462711582,0.09236155935273453,6,3,33,
0.28483596756460894,0.08113152841846695,0.30473978760284426,0.09286633814822665,6,3,34,
0.2855323937340061,0.08152874787147148,0.30553018831002066,0.09334869596875668,6,3,35,
0.28619078547593213,0.081905165691331,0.3062842921755261,0.09381006763346306,6,3,36,
0.2868140647759942,0.08226230775332818,0.30700453114934495,0.09425178214622912,6,3,37,
0.2874048855631461,0.0826015682455651,0.30769314238899287,0.09467506987321304,6,3,38,
0.28796566014794484,0.08292422142444165,0.3083521844080206,0.09508106962919793,6,3,39,
0.2884985832299297,0.08323143252567668,0.30898355219819,0.09547083552901162,6,3,40,
0.2890056535921162,0.08352426780820627,0.3095889912669821,0.09584534351370752,6,3,41,
0.28948869363584245,0.08380370374298665,0.3101701105834825,0.09620549749936974,6,3,42,
0.2899493669259375,0.08407063538075193,0.31072839445938993,0.09655213512331022,6,3,43,
0.2903891939206708,0.08432588394589696,0.3112652134130421,0.09688603308106662,6,3,44,
0.2908095660576131,0.08457020371061723,0.311781834076703,0.09720791206023276,6,3,45,
0.2912117583584136,0.08480428820619908,0.31227942821362487,0.0975184412854285,6,3,46,
0.2915969407046755,0.08502877582832605,0.31275908091348903,0.0978182426938504,6,3,47,
0.2919661879249816,0.08524425489144567,0.31322179803418476,0.09810789476376762,6,3,48,
0.292320488820629,0.08545126818433148,0.31366851295545006,0.09838793601968333,6,3,49,
0.2926607542453475,0.08565031707545567,0.31410009270640155,0.09865886823817004,6,3,50,
0.29298782434257337,0.08584186521299461,0.3145173435248698,0.09892115937794096,6,3,51,
0.29330247503293466,0.08602634186044525,0.31492101590210797,0.09917524625681576,6,3,52,
0.29360542383456384,0.08620414490507386,0.3153118091620309,0.099421536997033,6,3,53,
0.2938973350897316,0.08637564357284598,0.3156903756198607,0.09966041325900873,6,3,54,
0.2941788246630606,0.08654118088013975,0.31605732436095374,0.09989223228220513,6,3,55,
0.29445046416920156,0.08670107584945826,0.3164132246767466,0.10011732875033733,6,3,56,
0.29471278478127333,0.08685562551353312,0.3167586091912014,0.10033601649674427,6,3,57,
0.2949662806655116,0.08700510672964537,0.3170939767078478,0.10054859006439712,6,3,58,
0.2952114120823806,0.08714977782367314,0.31741979480453636,0.10075532613375397,6,3,59,
0.2954486081898074,0.08728988008129433,0.3177365022002976,0.10095648483047973,6,3,60,
0.2956782695801416,0.08742563910190689,0.3180445109162481,0.10115231092395544,6,3,61,
0.2959007705788453,0.08755726602915442,0.318344208250257,0.10134303492648301,6,3,62,
0.29611646132976555,0.08768495867046253,0.3186359585831071,0.10152887410217555,6,3,63,
0.2963256696890414,0.08780890251665888,0.3189201050320734,0.10171003339366874,6,3,64,
0.2965287029472331,0.0879292716715684,0.3191969709662463,0.10188670627402668,6,3,65,
0.2967258493970909,0.08804622970042507,0.3194668613964774,0.1020590755305161,6,3,66,
0.2969173797624544,0.08815993040500159,0.31973006425153183,0.10222731398628868,6,3,67,
0.29710354850208975,0.08827051853253359,0.3199868515508839,0.10239158516544741,6,3,68,
0.29728459500075954,0.08837813042476562,0.3202374804835384,0.10255204390644462,6,3,69,
0.29746074465851124,0.08848289461279601,0.32048219440135217,0.10270883692830608,6,3,70,
0.29763220988798367,0.08858493236280475,0.32072122373447964,0.10286210335374214,6,3,71,
0.2977991910285063,0.08868435817723282,0.320954786835837,0.10301197519283757,6,3,72,
0.29796187718484035,0.08878128025551388,0.32118309076080404,0.10315857779066287,6,3,73,
0.29812044699759027,0.08887580091804302,0.3214063319877824,0.1033020302418406,6,3,74,
0.2982750693516048,0.08896801699670466,0.32162469708470304,0.10344244577482697,6,3,75,
0.29842590402802477,0.08905802019494385,0.32183836332607835,0.10357993210840881,6,3,76,
0.2985731023050756,0.08914589742007716,0.32204749926477616,0.10371459178269599,6,3,77,
0.29871680751219076,0.08923173109027524,0.32225226526229817,0.10384652246668256,6,3,78,
0.2988571555415895,0.0893155994184098,0.32245281398098913,0.10397581724425839,6,3,79,
0.2989942753210363,0.08939757667475165,0.3226492908413014,0.10410256488039468,6,3,80,
0.29912828925114743,0.08947773343031812,0.32284183444694853,0.10422685006907091,6,3,81,
0.29925931361027325,0.08955613678249189,0.3230305769805211,0.10434875366436837,6,3,82,
0.2993874589297153,0.08963285056439196,0.32321564457192237,0.10446835289604324,6,3,83,
0.2995128303417587,0.08970793553933111,0.3233971576417567,0.10458572157076722,6,3,84,
0.29963552790278075,0.0897814495815781,0.3235752312216283,0.10470093026013022,6,3,85,
0.2997556468934798,0.08985344784452855,0.3237499752531295,0.10481404647640197,6,3,86,
0.2998732780980854,0.08992398291729166,0.3239214948671519,0.1049251348369703,6,3,87,
0.2999885080642387,0.0899931049706078,0.32408989064500426,0.10503425721829084,6,3,88,
0.3001014193450819,0.0900608618929327,0.3242552588627062,0.10514147290012059,6,3,89,
0.30021209072495686,0.09012729941744972,0.324417691719702,0.10524683870073959,6,3,90,
0.3003205974299942,0.09019246124070862,0.32457727755314597,0.10535040910381195,6,3,91,
0.3004270113247499,0.09025638913352142,0.32473410103879863,0.10545223637747668,6,3,92,
0.30053140109596593,0.09031912304470434,0.3248882433795122,0.10555237068622518,6,3,93,
0.30063383242441755,0.09038070119819276,0.3250397824821799,0.10565086019606282,6,3,94,
0.3007343681457451,0.09044116018402054,0.3251887931239718,0.10574775117342534,6,3,95,
0.300833068401084,0.09050053504361129,0.3253353471086044,0.1058430880782761,6,3,96,
0.30092999077823784,0.0905588593497903,0.3254795134133332,0.10593691365178015,6,3,97,
0.3010251904440876,0.09061616528189921,0.32562135832731237,0.10602926899892397,6,3,98,
0.3011187202688584,0.09067248369635499,0.3257609455818993,0.10612019366641315,6,3,99,
0.3012106309428308,0.0907278441929782,0.32589833647345545,0.10620972571616559,6,3,100,
0.30130097108602155,0.09078227517737959,0.3260335899791377,0.10629790179468447,6,3,101,
0.3013897873513309,0.09083580391968045,0.32616676286615015,0.10638475719858341,6,3,102,
0.30147712452160136,0.09088845660981314,0.3262979097948763,0.1064703259365052,6,3,103,
0.3015630256010111,0.09094025840963608,0.32642708341630006,0.10655464078767213,6,3,104,
0.3016475319011778,0.09099123350207208,0.3265543344640719,0.10663773335727292,6,3,105,
0.3017306831223356,0.09104140513747128,0.32667971184156697,0.10671963412888924,6,3,106,
0.3018125174299057,0.09109079567737714,0.32680326270425186,0.10680037251414426,6,3,107,
0.30189307152676986,0.09113942663586737,0.32692503253765026,0.1068799768997437,6,3,108,
0.3019723807215214,0.09118731871862347,0.3270450652311828,0.10695847469206862,6,3,109,
0.3020504789929568,0.09123449185987462,0.3271634031481328,0.10703589235946767,6,3,110,
0.3021273990510491,0.09128096525735184,0.32728008719197665,0.10711225547238784,6,3,111,
0.30220317239462074,0.09132675740537287,0.32739515686929277,0.10718758874146882,6,3,112,
0.302277829365931,0.0913718861261789,0.32750865034946064,0.10726191605372526,6,3,113,
0.3023513992023627,0.09141636859962649,0.3276206045213344,0.1073352605069246,6,3,114,
0.3024239100853908,0.09146022139133655,0.3277310550470706,0.10740764444226603,6,3,115,
0.30249538918699964,0.09150346047939438,0.3278400364132789,0.10747908947546005,6,3,116,
0.30256586271369884,0.09154610127968485,0.32794758197964413,0.1075496165262954,6,3,117,
0.3026353559482876,0.09158815866994673,0.3280537240251701,0.10761924584678244,6,3,118,
0.30270389328949665,0.09162964701261898,0.32815849379217754,0.10768799704795061,6,3,119,
0.30277149828963607,0.0916705801765511,0.32826192152818295,0.10775588912537494,6,3,120,
0.30283819369036186,0.09171097155764113,0.3283640365257754,0.10782294048350076,6,3,121,
0.30290400145667434,0.09175083409846496,0.3284648671606042,0.10788916895883334,6,3,122,
0.3029689428092485,0.09179018030695371,0.32856444092758186,0.10795459184205443,6,3,123,
0.30303303825518685,0.09182902227416954,0.3286627844753931,0.10801922589911868,6,3,124,
0.3030963076172921,0.09186737169123618,0.3287599236394115,0.10808308739139168,6,3,125,
0.30315877006193437,0.09190523986546478,0.32885588347309863,0.10814619209487222,6,3,126,
0.3032204441255946,0.09194263773572287,0.32895068827797425,0.10820855531855297,6,3,127,
0.3032813477401602,0.09197957588708795,0.3290443616322291,0.10827019192196116,6,3,128,
0.3033414982570311,0.09201606456482041,0.32913692641805026,0.10833111633192104,6,3,129,
0.30340091247011297,0.09205211368769714,0.3292284048477307,0.10839134255858127,6,3,130,
0.30345960663774596,0.09208773286073552,0.3293188184886167,0.10845088421073847,6,3,131,
0.30351759650363513,0.09212293138734345,0.3294081882869661,0.10850975451050131,6,3,132,
0.30357489731682674,0.09215771828092191,0.3294965345907564,0.10856796630731753,6,3,133,
0.30363152385078795,0.0921921022759516,0.32958387717150933,0.10862553209140456,6,3,134,
0.30368749042162946,0.09222609183858729,0.3296702352451726,0.10868246400660742,6,3,135,
0.3037428109055221,0.09225969517678773,0.32975562749210885,0.10873877386271444,6,3,136,
0.3037974987553417,0.09229292025000183,0.32984007207623556,0.10879447314725628,6,3,137,
0.30385156701658744,0.09232577477843575,0.3299235866633564,0.10884957303681327,6,3,138,
0.3039050283426059,0.09235826625192009,0.3300061884387231,0.108904084407854,6,3,139,
0.30395789500915826,0.09239040193839847,0.3300878941238668,0.10895801784712911,6,3,140,
0.3040101789283607,0.09242218889205386,0.3301687199927323,0.10901138366163926,6,3,141,
0.30406189166203124,0.09245363396109282,0.33024868188714596,0.10906419188819733,6,3,142,
0.304113044434471,0.09248474379520254,0.33032779523165584,0.10911645230260673,6,3,143,
0.3041636481447052,0.09251552485269601,0.33040607504776265,0.10916817442846777,6,3,144,
0.3042137133782148,0.09254598340736261,0.33048353596758195,0.10921936754563605,6,3,145,
0.30426325041817853,0.09257612555503524,0.33056019224695393,0.10927004069834315,6,3,146,
0.30431226925624855,0.0926059572198875,0.3306360577780296,0.10932020270299653,6,3,147,
0.3043607796028878,0.09263548416047766,0.3307111461013623,0.10936986215567661,6,3,148,
0.30440879089727946,0.09266471197554361,0.33078547041751616,0.10941902743933747,6,3,149,
0.304456312316838,0.09269364610956801,0.33085904359822327,0.10946770673073102,6,3,150,
0.30450335278633484,0.09272229185811907,0.3309318781971052,0.10951590800706366,6,3,151,
0.30454992098665595,0.09275065437297839,0.33100398645997714,0.10956363905239674,6,3,152,
0.30459602536321384,0.09277873866706761,0.3310753803347581,0.10961090746380471,6,3,153,
0.30464167413401877,0.0928065496191777,0.33114607148099573,0.10965772065729673,6,3,154,
0.3046868752974393,0.09283409197851734,0.3312160712790347,0.10970408587351857,6,3,155,
0.30473163663965047,0.09286137036907996,0.3312853908388323,0.10975001018323788,6,3,156,
0.3047759657417952,0.09288838929384394,0.3313540410084427,0.10979550049262471,6,3,157,
0.3048198699868657,0.09291515313880973,0.331422032382184,0.10984056354833742,6,3,158,
0.30486335656631985,0.09294166617688308,0.3314893753085011,0.1098852059424203,6,3,159,
0.30490643248644017,0.09296793257160808,0.33155607989753305,0.10992943411701933,6,3,160,
0.3049491045744518,0.09299395638075993,0.3316221560284051,0.10997325436892787,6,3,161,
0.30499137948440674,0.09301974155980139,0.33168761335625147,0.11001667285396616,6,3,162,
0.3050332637028443,0.09304529196520893,0.33175246131898023,0.11005969559120149,6,3,163,
0.3050747635542364,0.09307061135767326,0.3318167091437933,0.1101023284670167,6,3,164,
0.30511588520623256,0.09309570340518289,0.33188036585347097,0.11014457723903374,6,3,165,
0.30515663467470344,0.09312057168599042,0.33194344027243,0.1101864475398963,6,3,166,
0.3051970178286005,0.09314521969147108,0.3320059410325639,0.1102279448809183,6,3,167,
0.3052370403946333,0.09316965082887498,0.3320678765788766,0.11026907465560401,6,3,168,
0.30527670796177475,0.09319386842397871,0.3321292551749145,0.11030984214304347,6,3,169,
0.30531602598560204,0.09321787572364083,0.3321900849080101,0.11035025251119096,6,3,170,
0.3053549997924758,0.0932416758982629,0.33225037369433646,0.11039031082002625,6,3,171,
0.30539363458357055,0.09326527204416343,0.33231012928379156,0.11043002202461027,6,3,172,
0.3054319354387568,0.09328866718586488,0.3323693592647074,0.11046939097803216,6,3,173,
0.3054699073203415,0.09331186427829805,0.3324280710683982,0.11050842243425602,6,3,174,
0.3055075550766795,0.09333486620893033,0.33248627197355396,0.11054712105087208,6,3,175,
0.3055448834456479,0.09335767579981456,0.3325439691104801,0.11058549139175197,6,3,176,
0.3055818970580029,0.0933802958095679,0.33260116946519586,0.11062353792961592,6,3,177,
0.3056186004406142,0.09340272893527976,0.33265787988339074,0.11066126504851241,6,3,178,
0.3056549980195855,0.09342497781435283,0.3327141070742504,0.11069867704621579,6,3,179,
0.30569109412326423,0.0934470450262784,0.33276985761415084,0.11073577813654223,6,3,180,
0.30572689298514805,0.09346893309435217,0.3328251379502325,0.11077257245159129,6,3,181,
0.30576239874668676,0.09349064448732786,0.3328799544038531,0.11080906404391133,6,3,182,
0.305797615459988,0.09351218162101471,0.33293431317392636,0.11084525688859406,6,3,183,
0.30583254709042945,0.09353354685981975,0.3329882203401523,0.11088115488530181,6,3,184,
0.30586719751917957,0.0935547425182368,0.3330416818661405,0.11091676186022757,6,3,185,
0.30590157054563183,0.09357577086228416,0.33309470360243126,0.11095208156799152,6,3,186,
0.30593566988975623,0.0935966341108939,0.3331472912894191,0.11098711769347705,6,3,187,
0.3059694991943697,0.09361733443725341,0.3331994505601828,0.11102187385360769,6,3,188,
0.3060030620273287,0.09363787397010116,0.33325118694322203,0.11105635359906633,6,3,189,
0.3060363618836492,0.09365825479497987,0.33330250586511073,0.11109056041596217,6,3,190,
0.3060694021875522,0.09367847895544558,0.33335341265305957,0.11112449772744103,6,3,191,
0.3061021862944435,0.09369854845423822,0.3334039125374045,0.11115816889524927,6,3,192,
0.3061347174928248,0.09371846525441165,0.33345401065401187,0.11119157722124585,6,3,193,
0.30616699900614136,0.09373823128042656,0.3335037120466093,0.11122472594886769,6,3,194,
0.3061990339945693,0.09375784841920744,0.33355302166904605,0.11125761826455109,6,3,195,
0.30623082555674214,0.09377731852116382,0.3336019443874803,0.1112902572991075,6,3,196,
0.30626237673142076,0.09379664340117869,0.3336504849825,0.11132264612905746,6,3,197,
0.30629369049910876,0.09381582483956383,0.33369864815117933,0.11135478777792458,6,3,198,
0.3063247697836145,0.09383486458298443,0.3337464385090718,0.11138668521748966,6,3,199,
0.30635561745356227,0.09385376434535339,0.33379386059214194,0.1114183413690063,6,3,200,
0.3063862363238535,0.09387252580869618,0.33384091885863987,0.11144975910438097,6,3,201,
0.306416629157082,0.09389115062398873,0.3338876176909187,0.11148094124731708,6,3,202,
0.30644679866490204,0.093909640411967,0.3339339613971977,0.11151189057442513,6,3,203,
0.3064767475093536,0.0939279967639121,0.33397995421327326,0.11154260981630008,6,3,204,
0.3065064783041444,0.09394622124240895,0.3340256003041789,0.11157310165856708,6,3,205,
0.30653599361589057,0.0939643153820813,0.3340709037657958,0.11160336874289559,6,3,206,
0.30656529596531906,0.09398228069030368,0.3341158686264176,0.11163341366798557,6,3,207,
0.30659438782843096,0.09400011864789033,0.3341604988482682,0.11166323899052344,6,3,208,
0.3066232716376287,0.09401783070976305,0.33420479832897604,0.11169284722611153,6,3,209,
0.30665194978280763,0.09403541830559758,0.3342487709030066,0.11172224085017059,6,3,210,
0.30668042461241257,0.09405288284044966,0.334292420343052,0.11175142229881577,6,3,211,
0.3067086984344629,0.0940702256953623,0.33433575036138335,0.11178039396970925,6,3,212,
0.30673677351754547,0.09408744822795398,0.33437876461116367,0.11180915822288799,6,3,213,
0.30676465209177556,0.0941045517729881,0.3344214666877222,0.11183771738156731,6,3,214,
0.3067923363497286,0.094121537642925,0.3344638601297955,0.1118660737329234,6,3,215,
0.30681982844734523,0.09413840712845835,0.33450594842073234,0.11189422952885365,6,3,216,
0.30684713050480655,0.09415516149903379,0.33454773498966695,0.11192218698671644,6,3,217,
0.3068742446073832,0.09417180200335208,0.33458922321265694,0.11194994829004919,6,3,218,
0.3069011728062589,0.09418832986985717,0.3346304164137925,0.11197751558926816,6,3,219,
0.30692791711933043,0.09420474630721058,0.33467131786627563,0.1120048910023497,6,3,220,
0.3069544795319807,0.09422105250474916,0.3347119307934675,0.11203207661549097,6,3,221,
0.30698086199783087,0.09423724963293129,0.3347522583699099,0.1120590744837549,6,3,222,
0.3070070664394702,0.09425333884376927,0.33479230372231894,0.11208588663169744,6,3,223,
0.30703309474916396,0.09426932127124911,0.334832069930552,0.11211251505397807,6,3,224,
0.3070589487895379,0.09428519803173604,0.33487156002854757,0.11213896171595314,6,3,225,
0.30708463039424766,0.0943009702243717,0.3349107770052444,0.11216522855425655,6,3,226,
0.30711014136862386,0.09431663893145613,0.3349497238054717,0.1121913174773618,6,3,227,
0.3071354834903014,0.09433220521882119,0.33498840333082,0.11221723036613211,6,3,228,
0.3071606585098293,0.09434767013619197,0.33502681844048715,0.11224296907435516,6,3,229,
0.30718566815126275,0.09436303471753771,0.3350649719521041,0.1122685354292643,6,3,230,
0.30721051411273886,0.09437829998141331,0.335102866642538,0.11229393123204662,6,3,231,
0.3072351980670362,0.09439346693129097,0.3351405052486772,0.11231915825833864,6,3,232,
0.30725972166211724,0.09440853655588177,0.3351778904681937,0.11234421825870843,6,3,233,
0.3072840865216562,0.09442350982944867,0.3352150249602881,0.11236911295912658,6,3,234,
0.3073082942455532,0.09443838771211152,0.33525191134641735,0.1123938440614261,6,3,235,
0.3073323464104311,0.09445317115014122,0.3352885522110002,0.1124184132437486,6,3,236,
0.30735624457012145,0.09446786107624833,0.3353249501021096,0.11244282216098228,6,3,237,
0.30737999025613555,0.09448245840986197,0.3353611075321455,0.11246707244518726,6,3,238,
0.30740358497812265,0.09449696405740188,0.3353970269784937,0.11249116570601245,6,3,239,
0.30742703022431606,0.09451137891254253,0.33543271088416554,0.1125151035311002,6,3,240,
0.307450327461966,0.09452570385647012,0.3354681616584249,0.1125388874864831,6,3,241,
0.3074734781377622,0.09453993975813293,0.3355033816773986,0.11256251911697021,6,3,242,
0.3074964836782444,0.09455408747448481,0.3355383732846742,0.11258599994652535,6,3,243,
0.30751934549020116,0.0945681478507217,0.3355731387918812,0.11260933147863518,6,3,244,
0.30754206496105946,0.0945821217205125,0.3356076804792607,0.11263251519666956,6,3,245,
0.30756464345926254,0.09459600990622329,0.3356420005962205,0.11265555256423329,6,3,246,
0.30758708233463855,0.09460981321913572,0.3356761013618775,0.11267844502550944,6,3,247,
0.3076093829187597,0.09462353245966014,0.3357099849655892,0.11270119400559611,6,3,248,
0.30763154652529145,0.09463716841754256,0.33574365356747016,0.11272380091083342,6,3,249,
0.30765357445033314,0.09465072187206669,0.3357771092988998,0.1127462671291253,6,3,250,
0.30767546797274936,0.09466419359225031,0.33581035426301603,0.11276859403025231,6,3,251,
0.30769722835449326,0.09467758433703716,0.3358433905351998,0.11279078296617871,6,3,252,
0.3077188568409214,0.09469089485548345,0.33587622016354746,0.11281283527135182,6,3,253,
0.3077403546611005,0.09470412588693991,0.3359088451693339,0.11283475226299554,6,3,254,
0.3077617230281071,0.09471727816122932,0.33594126754746434,0.11285653524139702,6,3,255,
0.30778296313931847,0.09473035239881908,0.3359734892669161,0.11287818549018659,6,3,256,
0.30780407617669775,0.09474334931099035,0.336005512271173,0.11289970427661336,6,3,257,
0.3078250633070713,0.09475626960000245,0.336037338478647,0.11292109285181276,6,3,258,
0.3078459256823984,0.09476911395925275,0.3360689697830932,0.1129423524510696,6,3,259,
0.30786666444003646,0.094781883073434,0.33610040805401536,0.11296348429407564,6,3,260,
0.30788728070299765,0.09479457761868648,0.3361316551370623,0.11298448958518095,6,3,261,
0.3079077755802006,0.09480719826274718,0.3361627128544165,0.1130053695136409,6,3,262,
0.30792815016671543,0.09481974566509524,0.33619358300517427,0.11302612525385701,6,3,263,
0.3079484055440035,0.09483222047709404,0.3362242673657176,0.11304675796561353,6,3,264,
0.3079685427801512,0.09484462334212981,0.33625476769007956,0.11306726879430938,6,3,265,
0.30798856293009813,0.09485695489574703,0.33628508571030113,0.11308765887118456,6,3,266,
0.3080084670358592,0.09486921576577997,0.33631522313677964,0.11310792931354188,6,3,267,
0.3080282561267441,0.09488140657248308,0.33634518165861355,0.11312808122496573,6,3,268,
0.30804793121956864,0.09489352792865607,0.33637496294393654,0.11314811569553469,6,3,269,
0.3080674933188629,0.09490558043976763,0.3364045686402464,0.11316803380203026,6,3,270,
0.3080869434170745,0.09491756470407567,0.3364340003747282,0.11318783660814263,6,3,271,
0.3081062824947672,0.09492948131274527,0.3364632597545694,0.11320752516467086,6,3,272,
0.3081255115208144,0.09494133084996352,0.3364923483672701,0.11322710050972025,6,3,273,
0.3081446314525891,0.09495311389305196,0.33652126778094554,0.11324656366889485,6,3,274,
0.3081636432361496,0.09496483101257688,0.3365500195446242,0.11326591565548695,6,3,275,
0.3081825478064208,0.09497648277245685,0.33657860518854105,0.1132851574706638,6,3,276,
0.30820134608737115,0.09498806973006751,0.3366070262244211,0.11330429010364813,6,3,277,
0.3082200389921863,0.09499959243634486,0.3366352841457614,0.11332331453189749,6,3,278,
0.30823862742343955,0.09501105143588598,0.336663380428106,0.11334223172127963,6,3,279,
0.3082571122732574,0.09502244726704762,0.33669131652931683,0.11336104262624462,6,3,280,
0.30827549442348123,0.0950337804620418,0.336719093889837,0.11337974818999287,6,3,281,
0.30829377474582886,0.09504505154703187,0.33674671393295225,0.11339834934464159,6,3,282,
0.30831195410204676,0.0950562610422226,0.33677417806504384,0.11341684701138584,6,3,283,
0.3083300333440666,0.09506740946195322,0.336801487675842,0.11343524210066035,6,3,284,
0.3083480133141509,0.09507849731478377,0.3368286441386687,0.11345353551229391,6,3,285,
0.30836589484504184,0.0950895251035834,0.3368556488106799,0.11347172813566411,6,3,286,
0.30838367876010286,0.09510049332561432,0.3368825030331028,0.1134898208498485,6,3,287,
0.30840136587345995,0.0951114024726157,0.33690920813146674,0.11350781452377197,6,3,288,
0.3084189569901384,0.09512225303088481,0.3369357654158327,0.11352571001635303,6,3,289,
0.3084364529061979,0.09513304548135726,0.3369621761810168,0.1135435081766466,6,3,290,
0.30845385440886464,0.09514378029968507,0.33698844170680964,0.11356120984398382,6,3,291,
0.30847116227665994,0.09515445795631347,0.33701456325819384,0.11357881584811114,6,3,292,
0.3084883772795272,0.09516507891655593,0.3370405420855539,0.11359632700932401,6,3,293,
0.3085055001789577,0.0951756436406689,0.33706637942488815,0.11361374413860266,6,3,294,
0.30852253172811017,0.09518615258392274,0.33709207649800976,0.11363106803774008,6,3,295,
0.3085394726719321,0.09519660619667394,0.3371176345127507,0.11364829949947254,6,3,296,
0.3085563237472751,0.09520700492443325,0.33714305466315697,0.11366543930760445,6,3,297,
0.3085730856830122,0.09521734920793562,0.33716833812968566,0.11368248823713406,6,3,298,
0.3085897592001489,0.0952276394832059,0.3371934860793935,0.11369944705437414,6,3,299,
0.3086063450119347,0.09523787618162526,0.3372184996661256,0.11371631651707274,6,3,300,
0.30862284382397054,0.09524805972999492,0.3372433800306992,0.11373309737453059,6,3,301,
0.30863925633431644,0.09525819055059989,0.3372681283010848,0.113749790367717,6,3,302,
0.3086555832335957,0.09526826906127114,0.3372927455925854,0.11376639622938453,6,3,303,
0.3086718252050977,0.0952782956754464,0.3373172330080108,0.11378291568418064,6,3,304,
0.3086879829248779,0.09528827080222971,0.33734159163784877,0.11379934944875714,6,3,305,
0.30870405706185755,0.0952981948464506,0.33736582256043646,0.11381569823187991,6,3,306,
0.30872004827792077,0.09530806820872174,0.3373899268421255,0.1138319627345348,6,3,307,
0.30873595722800923,0.09531789128549516,0.3374139055374457,0.11384814365003235,6,3,308,
0.3087517845602164,0.09532766446911828,0.3374377596892663,0.11386424166411103,6,3,309,
0.3087675309158791,0.09533738814788835,0.3374614903289542,0.11388025745503884,6,3,310,
0.3087831969296691,0.09534706270610681,0.3374850984765306,0.11389619169371354,6,3,311,
0.30879878322967974,0.09535668852413075,0.337508585140822,0.11391204504375949,6,3,312,
0.30881429043751485,0.09536626597842576,0.3375319513196125,0.11392781816162525,6,3,313,
0.3088297191683745,0.09537579544161706,0.3375551979997931,0.11394351169667952,6,3,314,
0.30884507003113726,0.0953852772825381,0.3375783261575036,0.1139591262913019,6,3,315,
0.30886034362844583,0.09539471186628165,0.3376013367582809,0.11397466258097819,6,3,316,
0.3088755405567863,0.09540409955424692,0.3376242307571968,0.11399012119438884,6,3,317,
0.30889066140656873,0.09541344070418749,0.3376470090989981,0.11400550275349888,6,3,318,
0.30890570676220575,0.09542273567025786,0.33766967271824333,0.11402080787364556,6,3,319,
0.3089206772021906,0.09543198480306002,0.3376922225394376,0.11403603716362504,6,3,320,
0.3089355732991716,0.09544118844968784,0.3377146594771638,0.1140511912257767,6,3,321,
0.3089503956200283,0.09545034695377198,0.3377369844362141,0.11406627065606752,6,3,322,
0.3089651447259446,0.0954594606555239,0.3377591983117183,0.11408127604417466,6,3,323,
0.3089798211724806,0.09546852989177806,0.3377813019892691,0.11409620797356579,6,3,324,
0.30899442550964384,0.09547755499603484,0.33780329634504674,0.11411106702157948,6,3,325,
0.3090089582819604,0.09548653629850233,0.33782518224594255,0.11412585375950428,6,3,326,
0.309023420028542,0.0954954741261367,0.33784696054967783,0.11414056875265556,6,3,327,
0.3090378112831548,0.09550436880268277,0.33786863210492313,0.1141552125604519,6,3,328,
0.309052132574286,0.09551322064871405,0.33789019775141554,0.11416978573649071,6,3,329,
0.3090663844252087,0.09552202998167088,0.33791165832007264,0.11418428882862151,6,3,330,
0.3090805673540473,0.09553079711589979,0.3379330146331065,0.11419872237901936,6,3,331,
0.30909468187384076,0.09553952236269082,0.3379542675041352,0.11421308692425657,6,3,332,
0.3091087284926047,0.09554820603031479,0.33797541773829226,0.11422738299537315,6,3,333,
0.30912270771339373,0.09555684842406026,0.3379964661323355,0.11424161111794705,6,3,334,
0.30913662003436093,0.09556544984626883,0.33801741347475245,0.11425577181216177,6,3,335,
0.3091504659488186,0.09557401059637168,0.3380382605458666,0.11426986559287519,6,3,336,
0.3091642459452968,0.09558253097092395,0.33805900811794,0.1142838929696854,6,3,337,
0.3091779605076001,0.09559101126363911,0.3380796569552742,0.11429785444699588,6,3,338,
0.30919161011486623,0.09559945176542345,0.33810020781431344,0.11431175052408195,6,3,339,
0.30920519524162055,0.0956078527644087,0.33812066144374,0.11432558169515222,6,3,340,
0.30921871635783243,0.09561621454598564,0.33814101858457357,0.11433934844941294,6,3,341,
0.30923217392896907,0.09562453739283618,0.3381612799702666,0.11435305127112905,6,3,342,
0.3092455684160497,0.09563282158496568,0.33818144632679953,0.11436669063968599,6,3,343,
0.3092589002756973,0.09564106739973369,0.33820151837277257,0.11438026702964882,6,3,344,
0.3092721699601914,0.09564927511188552,0.3382214968194982,0.11439378091082185,6,3,345,
0.3092853779175194,0.09565744499358281,0.33824138237109147,0.1144072327483069,6,3,346,
0.3092985245914267,0.0956655773144334,0.3382611757245594,0.11442062300256126,6,3,347,
0.30931161042146676,0.09567367234152122,0.33828087756988834,0.11443395212945377,6,3,348,
0.3093246358430492,0.095681730339435,0.3383004885901304,0.11444722058032095,6,3,349,
0.30933760128748966,0.09568975157029791,0.3383200094614894,0.11446042880202226,6,3,350,
0.30935050718205553,0.095697736293795,0.33833944085340323,0.11447357723699353,6,3,351,
0.309363353950015,0.09570568476720226,0.3383587834286291,0.1144866663233019,6,3,352,
0.309376142010682,0.09571359724541365,0.33837803784332404,0.11449969649469803,6,3,353,
0.3093888717794606,0.09572147398096753,0.3383972047471238,0.11451266818066685,6,3,354,
0.3094015436678929,0.09572931522407503,0.33841628478322505,0.1145255818064809,6,3,355,
0.3094141580837013,0.09573712122264572,0.3384352785884615,0.11453843779324957,6,3,356,
0.30942671543083183,0.09574489222231297,0.33845418679338163,0.11455123655796927,6,3,357,
0.309439216109499,0.09575262846646122,0.3384730100223248,0.1145639785135728,6,3,358,
0.30945166051622647,0.09576033019624988,0.33849174889349587,0.11457666406897747,6,3,359,
0.30946404904388997,0.09576799765063915,0.33851040401903926,0.11458929362913317,6,3,360,
0.30947638208175815,0.09577563106641437,0.33852897600511167,0.11460186759506946,6,3,361,
0.3094886600155331,0.09578323067821023,0.3385474654519535,0.11461438636394167,6,3,362,
0.30950088322739133,0.09579079671853534,0.3385658729539612,0.11462685032907778,6,3,363,
0.30951305209602203,0.09579832941779486,0.3385841990997544,0.11463925988002213,6,3,364,
0.3095251669966674,0.09580582900431482,0.33860244447224735,0.11465161540258134,6,3,365,
0.3095372283011601,0.0958132957043645,0.33862060964871477,0.11466391727886725,6,3,366,
0.309549236377962,0.09582072974217938,0.33863869520086,0.11467616588734093,6,3,367,
0.30956119159220147,0.09582813133998368,0.33865670169488116,0.11468836160285573,6,3,368,
0.30957309430570984,0.09583550071801192,0.33867462969153506,0.11470050479669841,6,3,369,
0.3095849448770584,0.09584283809453129,0.3386924797462018,0.11471259583663133,6,3,370,
0.3095967436615942,0.09585014368586284,0.33871025240894914,0.11472463508693402,6,3,371,
0.3096084910114752,0.09585741770640271,0.3387279482245935,0.11473662290844289,6,3,372,
0.3096201872757061,0.09586466036864334,0.33874556773276204,0.11474855965859129,6,3,373,
0.3096318328001718,0.09587187188319356,0.33876311146795385,0.11476044569144932,6,3,374,
0.3096434279276728,0.0958790524587999,0.3387805799595996,0.11477228135776266,6,3,375,
0.3096549729979573,0.09588620230236568,0.3387979737321199,0.11478406700499022,6,3,376,
0.30966646834775513,0.09589332161897123,0.3388152933049844,0.11479580297734258,6,3,377,
0.30967791431081126,0.09590041061189417,0.33883253919276946,0.11480748961581964,6,3,378,
0.30968931121791654,0.09590746948262756,0.3388497119052137,0.11481912725824632,6,3,379,
0.30970065939694075,0.09591449843089991,0.33886681194727564,0.11483071623931025,6,3,380,
0.3097119591728643,0.09592149765469399,0.3388838398191876,0.11484225689059681,6,3,381,
0.30972321086780785,0.09592846735026457,0.33890079601651024,0.11485374954062427,6,3,382,
0.3097344148010642,0.09593540771215768,0.3389176810301865,0.11486519451487924,6,3,383,
0.30974557128912855,0.0959423189332286,0.3389344953465955,0.11487659213585134,6,3,384,
0.30975668064572764,0.09594920120465929,0.3389512394476031,0.11488794272306635,6,3,385,
0.30976774318184946,0.09595605471597625,0.3389679138106144,0.11489924659312013,6,3,386,
0.30977875920577386,0.09596287965506882,0.33898451890862574,0.11491050405971243,6,3,387,
0.30978972902309815,0.0959696762082046,0.3390010552102721,0.11492171543367795,6,3,388,
0.309800652936769,0.09597644456004839,0.33901752317987993,0.11493288102302042,6,3,389,
0.30981153124710764,0.09598318489367755,0.3390339232775134,0.11494400113294287,6,3,390,
0.3098223642518391,0.09598989739059928,0.3390502559590246,0.11495507606588008,6,3,391,
0.30983315224611935,0.09599658223076696,0.33906652167609946,0.11496610612152881,6,3,392,
0.3098438955225616,0.09600323959259606,0.33908272087630636,0.11497709159687909,6,3,393,
0.3098545943712637,0.09600986965298038,0.33909885400314155,0.1149880327862439,6,3,394,
0.3098652490798336,0.09601647258730732,0.33911492149607425,0.11499892998128862,6,3,395,
0.30987585993341626,0.09602304856947422,0.3391309237905938,0.11500978347106154,6,3,396,
0.3098864272147188,0.09602959777190323,0.339146861318253,0.11502059354202233,6,3,397,
0.30989695120403565,0.09603612036555645,0.33916273450671136,0.11503136047806997,6,3,398,
0.3099074321792736,0.09604261651995107,0.33917854377978024,0.1150420845605723,6,3,399,
0.309917870415977,0.0960490864031743,0.3391942895574636,0.11505276606839246,6,3,400,
0.3099282661873518,0.096055530181898,0.33920997225600313,0.1150634052779184,6,3,401,
0.3099386197642892,0.09606194802139266,0.3392255922879172,0.11507400246308823,6,3,402,
0.3099489314153908,0.09606834008554264,0.33924115006204375,0.11508455789541809,6,3,403,
0.30995920140699007,0.09607470653685903,0.3392566459835801,0.11509507184402816,6,3,404,
0.3099694300031775,0.09608104753649477,0.3392720804541235,0.11510554457566925,6,3,405,
0.30997961746582287,0.09608736324425787,0.33928745387171155,0.1151159763547488,6,3,406,
0.30998976405459683,0.09609365381862461,0.3393027666308592,0.11512636744335528,6,3,407,
0.30999987002699525,0.09609991941675394,0.3393180191225995,0.1151367181012848,6,3,408,
0.3100099356383596,0.09610616019449986,0.3393332117345204,0.11514702858606485,6,3,409,
0.3100199611418997,0.09611237630642502,0.33934834485080334,0.11515729915297973,6,3,410,
0.31002994678871554,0.09611856790581377,0.3393634188522597,0.11516753005509422,6,3,411,
0.31003989282781774,0.09612473514468473,0.3393784341163677,0.11517772154327774,6,3,412,
0.3100497995061487,0.096130878173803,0.3393933910173086,0.11518787386622774,6,3,413,
0.3100596670686043,0.09613699714269375,0.3394082899260026,0.11519798727049343,6,3,414,
0.3100694957580538,0.09614309219965375,0.339423131210144,0.11520806200049862,6,3,415,
0.3100792858153602,0.09614916349176385,0.33943791523423633,0.11521809829856462,6,3,416,
0.31008903747939986,0.09615521116490065,0.3394526423596255,0.11522809640493183,6,3,417,
0.3100987509870841,0.09616123536374961,0.33946731294453675,0.11523805655778403,6,3,418,
0.3101084265733763,0.0961672362318151,0.3394819273441041,0.11524797899326757,6,3,419,
0.3101180644713131,0.09617321391143352,0.33949648591040743,0.11525786394551546,6,3,420,
0.3101276649120231,0.09617916854378408,0.3395109889925021,0.11526771164666688,6,3,421,
0.3101372281247453,0.09618510026890031,0.3395254369364533,0.11527752232688955,6,3,422,
0.3101467543368481,0.09619100922568119,0.33953983008536676,0.11528729621439973,6,3,423,
0.31015624377384843,0.0961968955519029,0.33955416877942135,0.11529703353548376,6,3,424,
0.31016569665942884,0.09620275938422883,0.3395684533558992,0.11530673451451749,6,3,425,
0.31017511321545604,0.09620860085822097,0.3395826841492163,0.11531639937398637,6,3,426,
0.3101844936619995,0.09621442010835103,0.33959686149095375,0.11532602833450603,6,3,427,
0.31019383821734803,0.09622021726801029,0.3396109857098878,0.11533562161484162,6,3,428,
0.3102031470980268,0.09622599246952007,0.3396250571320179,0.11534517943192642,6,3,429,
0.3102124205188167,0.09623174584414315,0.3396390760805975,0.1153547020008819,6,3,430,
0.3102216586927689,0.09623747752209279,0.3396530428761624,0.11536418953503622,6,3,431,
0.3102308618312236,0.09624318763254375,0.33966695783655904,0.11537364224594278,6,3,432,
0.3102400301438254,0.09624887630364168,0.339680821276973,0.1153830603433989,6,3,433,
0.31024916383854007,0.09625454366251329,0.3396946335099566,0.11539244403546371,6,3,434,
0.3102582631216715,0.09626018983527633,0.33970839484545595,0.11540179352847621,6,3,435,
0.31026732819787645,0.09626581494704879,0.3397221055908395,0.11541110902707351,6,3,436,
0.3102763592701822,0.0962714191219592,0.33973576605092326,0.11542039073420768,6,3,437,
0.31028535654000033,0.09627700248315511,0.33974937652799786,0.11542963885116325,6,3,438,
0.3102943202071436,0.09628256515281336,0.3397629373218549,0.11543885357757472,6,3,439,
0.310303250469841,0.09628810725214886,0.3397764487298129,0.11544803511144318,6,3,440,
0.3103121475247528,0.09629362890142393,0.33978991104674233,0.11545718364915306,6,3,441,
0.310321011566985,0.09629913021995683,0.3398033245650909,0.11546629938548848,6,3,442,
0.3103298427901052,0.09630461132613143,0.33981668957490785,0.11547538251364928,6,3,443,
0.3103386413861578,0.09631007233740624,0.339830006363872,0.1154844332252693,6,3,444,
0.31034740754567536,0.0963155133703215,0.3398432752173099,0.11549345171042823,6,3,445,
0.31035614145769735,0.09632093454051024,0.33985649641822596,0.11550243815767164,6,3,446,
0.31036484330978054,0.09632633596270461,0.3398696702473219,0.11551139275402333,6,3,447,
0.31037351328801543,0.09633171775074588,0.33988279698302276,0.11552031568500265,6,3,448,
0.3103821515770389,0.09633708001759195,0.3398958769014985,0.11552920713463859,6,3,449,
0.3103907583600487,0.09634242287532616,0.33990891027668785,0.11553806728548542,6,3,450,
0.31039933381881635,0.096347746435165,0.33992189738032047,0.11554689631863713,6,3,451,
0.31040787813370097,0.09635305080746653,0.33993483848193934,0.1155556944137422,6,3,452,
0.3104163914836627,0.09635833610173854,0.3399477338489231,0.11556446174901824,6,3,453,
0.3104248740462746,0.09636360242664545,0.33996058374650673,0.11557319850126563,6,3,454,
0.3104333259977377,0.09636884989001768,0.3399733884378049,0.11558190484588257,6,3,455,
0.310441747512892,0.09637407859885817,0.33998614818383205,0.1155905809568786,6,3,456,
0.3104501387652305,0.09637928865935086,0.3399988632435238,0.11559922700688839,6,3,457,
0.3104584999269102,0.09638448017686732,0.3400115338737571,0.11560784316718507,6,3,458,
0.31046683116876694,0.09638965325597562,0.34002416032937255,0.11561642960769483,6,3,459,
0.31047513266032434,0.09639480800044599,0.3400367428631919,0.11562498649700849,6,3,460,
0.3104834045698094,0.09639994451325994,0.34004928172604104,0.11563351400239644,6,3,461,
0.3104916470641618,0.09640506289661604,0.34006177716676755,0.11564201228982027,6,3,462,
0.3104998603090479,0.09641016325193828,0.3400742294322621,0.11565048152394686,6,3,463,
0.3105080444688708,0.09641524567988226,0.34008663876747625,0.11565892186815989,6,3,464,
0.31051619970678296,0.0964203102803427,0.3400990054154425,0.11566733348457321,6,3,465,
0.3105243261846971,0.09642535715246017,0.34011132961729257,0.11567571653404263,6,3,466,
0.310532424063299,0.09643038639462856,0.34012361161227805,0.11568407117617976,6,3,467,
0.31054049350205576,0.09643539810450033,0.3401358516377847,0.11569239756936107,6,3,468,
0.310548534659231,0.09644039237899558,0.3401480499293561,0.11570069587074373,6,3,469,
0.3105565476918918,0.09644536931430626,0.3401602067207067,0.11570896623627391,6,3,470,
0.3105645327559232,0.0964503290059049,0.34017232224374394,0.11571720882070155,6,3,471,
0.3105724900060363,0.09645527154854952,0.340184396728582,0.11572542377758924,6,3,472,
0.31058041959578014,0.09646019703629086,0.34019643040356196,0.11573361125932559,6,3,473,
0.31058832167755246,0.0964651055624788,0.34020842349526864,0.11574177141713606,6,3,474,
0.310596196402609,0.09646999721976807,0.34022037622854595,0.11574990440109334,6,3,475,
0.31060404392107543,0.09647487210012537,0.3402322888265159,0.11575801036012973,6,3,476,
0.3106118643819562,0.09647973029483475,0.34024416151059356,0.11576608944204686,6,3,477,
0.31061965793314555,0.09648457189450436,0.3402559945005048,0.11577414179352755,6,3,478,
0.3106274247214369,0.09648939698907194,0.3402677880143017,0.11578216756014575,6,3,479,
0.31063516489253334,0.09649420566781139,0.3402795422683789,0.11579016688637749,6,3,480,
0.31064287859105644,0.09649899801933784,0.3402912574774892,0.11579813991561083,6,3,481,
0.31065056596055757,0.09650377413161473,0.3403029338547599,0.11580608679015708,6,3,482,
0.31065822714352587,0.0965085340919585,0.34031457161170786,0.11581400765126025,6,3,483,
0.3106658622813986,0.09651327798704491,0.34032617095825496,0.11582190263910737,6,3,484,
0.31067347151457053,0.09651800590291468,0.3403377321027434,0.11582977189283873,6,3,485,
0.3106810549824029,0.09652271792497887,0.3403492552519503,0.11583761555055724,6,3,486,
0.3106886128232331,0.09652741413802486,0.3403607406111038,0.11584543374933905,6,3,487,
0.3106961451743832,0.09653209462622142,0.3403721883838951,0.11585322662524178,6,3,488,
0.31070365217216894,0.09653675947312415,0.34038359877249613,0.11586099431331562,6,3,489,
0.31071113395190986,0.09654140876168169,0.3403949719775718,0.11586873694761189,6,3,490,
0.31071859064793644,0.0965460425742399,0.34040630819829476,0.11587645466119245,6,3,491,
0.31072602239360025,0.09655066099254817,0.3404176076323601,0.1158841475861395,6,3,492,
0.31073342932128134,0.09655526409776374,0.3404288704759977,0.11589181585356362,6,3,493,
0.3107408115623974,0.09655985197045737,0.3404400969239869,0.1158994595936136,6,3,494,
0.3107481692474134,0.09656442469061909,0.34045128716967127,0.11590707893548596,6,3,495,
0.3107555025058475,0.09656898233766177,0.34046244140496873,0.11591467400743177,6,3,496,
0.3107628114662811,0.09657352499042737,0.3404735598203884,0.1159222449367676,6,3,497,
0.3107700962563671,0.09657805272719165,0.34048464260504147,0.11592979184988282,6,3,498,
0.3107773570028372,0.09658256562566891,0.34049568994665486,0.11593731487224851,6,3,499,
0.31078459383150997,0.09658706376301664,0.34050670203158395,0.1159448141284259,6,3,500,
0.31079180686730024,0.09659154721584125,0.340517679044826,0.11595228974207514,6,3,501,
0.3107989962342247,0.09659601606020161,0.3405286211700308,0.11595974183596235,6,3,502,
0.3108061620554116,0.09660047037161477,0.3405395285895153,0.1159671705319693,6,3,503,
0.31081330445310756,0.09660491022506014,0.34055040148427423,0.11597457595110038,6,3,504,
0.31082042354868566,0.09660933569498435,0.3405612400339934,0.11598195821349129,6,3,505,
0.3108275194626524,0.09661374685530556,0.3405720444170605,0.11598931743841626,6,3,506,
0.310834592314656,0.0966181437794184,0.3405828148105782,0.11599665374429663,6,3,507,
0.31084164222349336,0.09662252654019826,0.34059355139037517,0.11600396724870815,6,3,508,
0.3108486693071173,0.09662689521000557,0.34060425433101765,0.11601125806838855,6,3,509,
0.31085567368264394,0.09663124986069042,0.3406149238058214,0.11601852631924552,6,3,510,
0.31086265546636027,0.09663559056359701,0.34062555998686245,0.11602577211636361,6,3,511,
0.3108696147737308,0.09663991738956781,0.34063616304498906,0.11603299557401237,6,3,512,
0.3108765517194043,0.09664423040894746,0.34064673314983157,0.11604019680565257,6,3,513,
0.31088346641722253,0.09664852969158834,0.3406572704698159,0.11604737592394532,6,3,514,
0.31089035898022394,0.09665281530685252,0.34066777517217056,0.11605453304075654,6,3,515,
0.3108972295206543,0.09665708732361838,0.3406782474229418,0.11606166826716714,6,3,516,
0.3109040781499706,0.09666134581028304,0.3406886873870006,0.1160687817134774,6,3,517,
0.3109109049788497,0.0966655908347673,0.3406990952280555,0.11607587348921566,6,3,518,
0.3109177101171925,0.09666982246451855,0.3407094711086614,0.11608294370314377,6,3,519,
0.3109244936741337,0.09667404076651641,0.3407198151902313,0.11608999246326539,6,3,520,
0.3109312557580463,0.0966782458072756,0.3407301276330456,0.11609701987683155,6,3,521,
0.31093799647654796,0.09668243765284974,0.34074040859626264,0.11610402605034803,6,3,522,
0.31094471593650796,0.09668661636883565,0.3407506582379279,0.11611101108958112,6,3,523,
0.31095141424405426,0.09669078202037742,0.34076087671498473,0.11611797509956501,6,3,524,
0.31095809150457815,0.09669493467216958,0.34077106418328423,0.11612491818460803,6,3,525,
0.3109647478227418,0.09669907438846141,0.3407812207975943,0.11613184044829873,6,3,526,
0.31097138330248325,0.09670320123305996,0.3407913467116083,0.11613874199351162,6,3,527,
0.3109779980470236,0.09670731526933461,0.34080144207795693,0.11614562292241504,6,3,528,
0.3109845921588727,0.09671141656022039,0.340811507048216,0.11615248333647617,6,3,529,
0.3109911657398343,0.09671550516822111,0.34082154177291524,0.11615932333646702,6,3,530,
0.31099771889101324,0.09671958115541371,0.3408315464015486,0.11616614302247097,6,3,531,
0.3110042517128204,0.09672364458345137,0.34084152108258303,0.11617294249388888,6,3,532,
0.3110107643049789,0.09672769551356716,0.34085146596346716,0.11617972184944461,6,3,533,
0.3110172567665295,0.09673173400657736,0.3408613811906399,0.11618648118719074,6,3,534,
0.31102372919583676,0.09673576012288519,0.34087126690954006,0.11619322060451488,6,3,535,
0.31103018169059427,0.09673977392248409,0.34088112326461434,0.1161999401981452,6,3,536,
0.3110366143478302,0.09674377546496085,0.3408909503993264,0.11620664006415601,6,3,537,
0.3110430272639133,0.09674776480949952,0.3409007484561649,0.11621332029797343,6,3,538,
0.3110494205345577,0.09675174201488414,0.3409105175766525,0.1162199809943811,6,3,539,
0.31105579425482877,0.09675570713950235,0.34092025790135316,0.11622662224752514,6,3,540,
0.3110621485191484,0.09675966024134873,0.34092996956988175,0.11623324415092048,6,3,541,
0.3110684834213003,0.09676360137802775,0.34093965272091126,0.11623984679745555,6,3,542,
0.31107479905443525,0.09676753060675727,0.3409493074921811,0.11624643027939786,6,3,543,
0.31108109551107666,0.09677144798437161,0.3409589340205061,0.11625299468839982,6,3,544,
0.31108737288312427,0.09677535356732402,0.34096853244178155,0.11625954011550224,6,3,545,
0.3110936312618615,0.09677924741169107,0.3409781028909944,0.11626606665114156,6,3,546,
0.31109987073795886,0.09678312957317473,0.3409876455022292,0.11627257438515393,6,3,547,
0.3111060914014798,0.09678700010710592,0.34099716040867645,0.11627906340678061,6,3,548,
0.3111122933418848,0.09679085906844698,0.34100664774263884,0.11628553380467216,6,3,549,
0.31111847664803727,0.09679470651179531,0.34101610763554085,0.1162919856668948,6,3,550,
0.3111246414082079,0.09679854249138596,0.34102554021793446,0.11629841908093405,6,3,551,
0.3111307877100797,0.09680236706109467,0.34103494561950776,0.11630483413370062,6,3,552,
0.3111369156407524,0.09680618027444068,0.34104432396909123,0.11631123091153445,6,3,553,
0.3111430252867483,0.09680998218459011,0.34105367539466547,0.11631760950020985,6,3,554,
0.3111491167340147,0.0968137728443575,0.34106300002336803,0.11632396998493993,6,3,555,
0.3111551900679311,0.09681755230621031,0.3410722979815009,0.11633031245038175,6,3,556,
0.31116124537331236,0.09682132062227071,0.34108156939453765,0.1163366369806408,6,3,557,
0.3111672827344134,0.09682507784431839,0.34109081438712935,0.11634294365927511,6,3,558,
0.31117330223493395,0.09682882402379354,0.34110003308311204,0.11634923256930012,6,3,559,
0.31117930395802357,0.09683255921180003,0.34110922560551427,0.11635550379319362,6,3,560,
0.3111852879862843,0.0968362834591067,0.341118392076562,0.11636175741289911,6,3,561,
0.31119125440177764,0.0968399968161519,0.34112753261768775,0.11636799350983161,6,3,562,
0.3111972032860267,0.09684369933304462,0.3411366473495346,0.11637421216488074,6,3,563,
0.3112031347200214,0.09684739105956781,0.34114573639196427,0.11638041345841557,6,3,564,
0.3112090487842226,0.09685107204518065,0.3411547998640629,0.1163865974702888,6,3,565,
0.31121494555856727,0.096854742339022,0.34116383788414884,0.11639276427984177,6,3,566,
0.31122082512246996,0.09685840198991102,0.3411728505697756,0.11639891396590643,6,3,567,
0.311226687554831,0.0968620510463524,0.3411818380377429,0.11640504660681261,6,3,568,
0.311232532934037,0.09686568955653645,0.3411908004040986,0.11641116228038946,6,3,569,
0.31123836133796684,0.09686931756834281,0.34119973778414725,0.11641726106397085,6,3,570,
0.3112441728439954,0.0968729351293429,0.34120865029245523,0.11642334303439902,6,3,571,
0.3112499675289973,0.09687654228680188,0.3412175380428575,0.11642940826802889,6,3,572,
0.31125574546935036,0.09688013908768102,0.34122640114846226,0.1164354568407313,6,3,573,
0.31126150674094155,0.09688372557864121,0.3412352397216585,0.11644148882789772,6,3,574,
0.311267251419168,0.09688730180604356,0.3412440538741203,0.11644750430444355,6,3,575,
0.31127297957894334,0.09689086781595327,0.34125284371681414,0.11645350334481236,6,3,576,
0.31127869129469976,0.096894423654141,0.34126160936000244,0.1164594860229789,6,3,577,
0.3112843866403936,0.09689796936608606,0.34127035091325236,0.11646545241245441,6,3,578,
0.31129006568950723,0.09690150499697772,0.34127906848543804,0.11647140258628833,6,3,579,
0.31129572851505405,0.09690503059171822,0.34128776218474904,0.11647733661707381,6,3,580,
0.31130137518958156,0.09690854619492462,0.34129643211869376,0.11648325457695013,6,3,581,
0.3113070057851752,0.09691205185093109,0.341305078394106,0.11648915653760683,6,3,582,
0.3113126203734622,0.09691554760379138,0.3413137011171499,0.11649504257028714,6,3,583,
0.31131821902561446,0.09691903349728047,0.3413223003933259,0.1165009127457918,6,3,584,
0.31132380181235364,0.09692250957489765,0.341330876327475,0.11650676713448202,6,3,585,
0.31132936880395246,0.09692597587986745,0.3413394290237853,0.11651260580628374,6,3,586,
0.3113349200702399,0.09692943245514266,0.3413479585857956,0.11651842883069001,6,3,587,
0.3113404556806044,0.0969328793434064,0.34135646511640205,0.11652423627676542,6,3,588,
0.31134597570399686,0.09693631658707381,0.3413649487178629,0.11653002821314917,6,3,589,
0.3113514802089338,0.09693974422829409,0.3413734094918025,0.11653580470805788,6,3,590,
0.3113569692635017,0.09694316230895314,0.3413818475392178,0.11654156582928973,6,3,591,
0.31136244293536,0.0969465708706753,0.34139026296048214,0.11654731164422716,6,3,592,
0.3113679012917427,0.09694996995482442,0.34139865585535034,0.11655304221983993,6,3,593,
0.3113733443994652,0.09695335960250796,0.3414070263229648,0.11655875762268958,6,3,594,
0.3113787723249237,0.09695673985457667,0.341415374461858,0.11656445791893072,6,3,595,
0.3113841851341018,0.09696011075162861,0.3414237003699599,0.11657014317431616,6,3,596,
0.31138958289257107,0.0969634723340094,0.3414320041446005,0.11657581345419848,6,3,597,
0.311394965665495,0.0969668246418148,0.3414402858825154,0.11658146882353383,6,3,598,
0.3114003335176332,0.09697016771489317,0.34144854567985045,0.11658710934688492,6,3,599,
0.31140568651334344,0.09697350159284672,0.34145678363216675,0.11659273508842434,6,3,600,
0.3114110247165851,0.09697682631503358,0.3414649998344443,0.11659834611193703,6,3,601,
0.3114163481909213,0.09698014192056914,0.34147319438108653,0.1166039424808233,6,3,602,
0.3114216569995239,0.09698344844832912,0.341481367365926,0.1166095242581025,6,3,603,
0.3114269512051743,0.09698674593694999,0.3414895188822271,0.11661509150641494,6,3,604,
0.3114322308702687,0.09699003442483237,0.34149764902269214,0.11662064428802583,6,3,605,
0.311437496056818,0.0969933139501405,0.34150575787946397,0.11662618266482706,6,3,606,
0.31144274682645434,0.09699658455080695,0.34151384554413167,0.11663170669834104,6,3,607,
0.31144798324043105,0.09699984626453183,0.34152191210773414,0.11663721644972287,6,3,608,
0.311453205359627,0.09700309912878599,0.34152995766076427,0.11664271197976342,6,3,609,
0.31145841324454915,0.09700634318081235,0.3415379822931735,0.1166481933488921,6,3,610,
0.31146360695533504,0.09700957845762742,0.3415459860943756,0.11665366061717941,6,3,611,
0.3114687865517566,0.09701280499602369,0.3415539691532513,0.11665911384434013,6,3,612,
0.3114739520932208,0.09701602283257003,0.3415619315581509,0.11666455308973496,6,3,613,
0.3114791036387751,0.09701923200361481,0.3415698733969004,0.1166699784123746,6,3,614,
0.31148424124710855,0.09702243254528692,0.3415777947568043,0.1166753898709215,6,3,615,
0.3114893649765541,0.09702562449349693,0.3415856957246491,0.11668078752369254,6,3,616,
0.311494474885093,0.09702880788393983,0.3415935763867082,0.11668617142866182,6,3,617,
0.3114995710303553,0.09703198275209536,0.3416014368287451,0.11669154164346315,6,3,618,
0.3115046534696244,0.09703514913323079,0.341609277136018,0.11669689822539275,6,3,619,
0.311509722259839,0.09703830706240203,0.34161709739328255,0.1167022412314115,6,3,620,
0.3115147774575948,0.09704145657445483,0.34162489768479654,0.11670757071814769,6,3,621,
0.3115198191191483,0.09704459770402686,0.34163267809432285,0.11671288674189924,6,3,622,
0.31152484730041885,0.09704773048554928,0.3416404387051343,0.1167181893586366,6,3,623,
0.3115298620569909,0.09705085495324776,0.34164817960001576,0.11672347862400462,6,3,624,
0.3115348634441165,0.09705397114114432,0.34165590086126885,0.11672875459332518,6,3,625,
0.31153985151671937,0.09705707908305955,0.34166360257071626,0.11673401732160035,6,3,626,
0.3115448263293947,0.0970601788126127,0.3416712848097029,0.11673926686351312,6,3,627,
0.31154978793641264,0.0970632703632237,0.34167894765910134,0.1167445032734309,6,3,628,
0.31155473639172243,0.09706635376811566,0.34168659119931577,0.11674972660540832,6,3,629,
0.3115596717489524,0.09706942906031496,0.34169421551028367,0.11675493691318817,6,3,630,
0.3115645940614129,0.09707249627265302,0.3417018206714802,0.1167601342502044,6,3,631,
0.3115695033821002,0.09707555543776855,0.34170940676192224,0.11676531866958481,6,3,632,
0.3115743997636967,0.0970786065881079,0.3417169738601704,0.11677049022415238,6,3,633,
0.31157928325857415,0.09708164975592679,0.3417245220443329,0.11677564896642778,6,3,634,
0.3115841539187965,0.09708468497329227,0.3417320513920699,0.11678079494863232,6,3,635,
0.3115890117961216,0.0970877122720836,0.3417395619805958,0.11678592822268946,6,3,636,
0.31159385694200314,0.09709073168399351,0.34174705388668203,0.11679104884022674,6,3,637,
0.31159868940759355,0.09709374324052994,0.34175452718666144,0.11679615685257852,6,3,638,
0.3116035092437456,0.09709674697301704,0.3417619819564307,0.11680125231078767,6,3,639,
0.3116083165010153,0.0970997429125969,0.341769418271454,0.11680633526560809,6,3,640,
0.3116131112296634,0.09710273109023058,0.3417768362067659,0.1168114057675065,6,3,641,
0.3116178934796575,0.09710571153669917,0.341784235836974,0.11681646386666426,6,3,642,
0.3116226633006755,0.09710868428260616,0.3417916172362635,0.11682150961298046,6,3,643,
0.3116274207421057,0.09711164935837738,0.34179898047839813,0.11682654305607237,6,3,644,
0.31163216585305076,0.09711460679426333,0.3418063256367255,0.11683156424527925,6,3,645,
0.31163689868232824,0.09711755662033972,0.341813652784178,0.11683657322966262,6,3,646,
0.31164161927847384,0.09712049886650924,0.34182096199327744,0.1168415700580096,6,3,647,
0.3116463276897428,0.09712343356250257,0.34182825333613676,0.1168465547788341,6,3,648,
0.31165102396411254,0.09712636073787986,0.34183552688446406,0.11685152744037915,6,3,649,
0.311655708149284,0.09712928042203169,0.3418427827095645,0.11685648809061851,6,3,650,
0.31166038029268356,0.09713219264418015,0.34185002088234395,0.11686143677725899,6,3,651,
0.3116650404414657,0.09713509743338046,0.34185724147331104,0.11686637354774171,6,3,652,
0.3116696886425148,0.09713799481852212,0.3418644445525811,0.11687129844924479,6,3,653,
0.3116743249424472,0.09714088482833017,0.3418716301898783,0.11687621152868491,6,3,654,
0.31167894938761176,0.09714376749136547,0.3418787984545379,0.11688111283271853,6,3,655,
0.3116835620240941,0.09714664283602731,0.3418859494155105,0.11688600240774498,6,3,656,
0.31168816289771656,0.0971495108905535,0.3418930831413628,0.11689088029990682,6,3,657,
0.3116927520540409,0.09715237168302182,0.34190019970028207,0.11689574655509276,6,3,658,
0.3116973295383707,0.09715522524135167,0.34190729916007834,0.11690060121893932,6,3,659,
0.31170189539575144,0.09715807159330397,0.34191438158818627,0.11690544433683185,6,3,660,
0.3117064496709749,0.09716091076648399,0.34192144705166877,0.11691027595390713,6,3,661,
0.3117109924085784,0.09716374278834082,0.34192849561721905,0.1169150961150546,6,3,662,
0.3117155236528483,0.09716656768616944,0.34193552735116345,0.11691990486491824,6,3,663,
0.31172004344782156,0.09716938548711175,0.3419425423194641,0.11692470224789848,6,3,664,
0.3117245518372865,0.09717219621815712,0.34194954058772126,0.11692948830815364,6,3,665,
0.3117290488647862,0.09717499990614427,0.3419565222211763,0.11693426308960184,6,3,666,
0.3117335345736185,0.0971777965777614,0.3419634872847128,0.11693902663592194,6,3,667,
0.31173800900683907,0.09718058625954809,0.3419704358428613,0.11694377899055651,6,3,668,
0.3117424722072626,0.0971833689778959,0.3419773679597995,0.11694852019671209,6,3,669,
0.3117469242174648,0.09718614475904976,0.3419842836993568,0.11695325029736216,6,3,670,
0.31175136507978285,0.09718891362910806,0.3419911831250145,0.1169579693352472,6,3,671,
0.3117557948363201,0.0971916756140257,0.34199806629991086,0.11696267735287824,6,3,672,
0.3117602135289436,0.09719443073961251,0.34200493328684084,0.11696737439253646,6,3,673,
0.31176462119928844,0.09719717903153581,0.34201178414825917,0.11697206049627544,6,3,674,
0.3117690178887598,0.09719992051532184,0.34201861894628494,0.11697673570592405,6,3,675,
0.3117734036385323,0.09720265521635517,0.3420254377427004,0.11698140006308581,6,3,676,
0.31177777848955407,0.09720538315988145,0.3420322405989565,0.11698605360914244,6,3,677,
0.3117821424825464,0.09720810437100684,0.34203902757617216,0.11699069638525346,6,3,678,
0.3117864956580062,0.09721081887469991,0.3420457987351391,0.11699532843235926,6,3,679,
0.3117908380562078,0.09721352669579239,0.3420525541363225,0.11699994979118186,6,3,680,
0.31179516971720395,0.09721622785898,0.3420592938398645,0.11700456050222677,6,3,681,
0.31179949068082774,0.0972189223888236,0.34206601790558483,0.1170091606057839,6,3,682,
0.31180380098669386,0.09722161030974978,0.3420727263929842,0.11701375014192944,6,3,683,
0.31180810067420034,0.09722429164605226,0.342079419361246,0.11701832915052718,6,3,684,
0.31181238978252984,0.09722696642189231,0.34208609686923874,0.11702289767123021,6,3,685,
0.31181666835065164,0.09722963466130029,0.3420927589755181,0.11702745574348192,6,3,686,
0.31182093641732256,0.09723229638817593,0.3420994057383287,0.11703200340651763,6,3,687,
0.31182519402108894,0.09723495162628974,0.3421060372156069,0.11703654069936623,6,3,688,
0.31182944120028705,0.09723760039928327,0.34211265346498176,0.1170410676608507,6,3,689,
0.3118336779930458,0.09724024273067058,0.3421192545437785,0.11704558432959072,6,3,690,
0.3118379044372883,0.09724287864383935,0.3421258405090196,0.11705009074400312,6,3,691,
0.3118421205707312,0.09724550816205044,0.3421324114174269,0.11705458694230345,6,3,692,
0.3118463264308891,0.09724813130844065,0.3421389673254242,0.1170590729625077,6,3,693,
0.3118505220550735,0.09725074810602191,0.34214550828913864,0.11706354884243306,6,3,694,
0.31185470748039545,0.09725335857768301,0.34215203436440295,0.11706801461969958,6,3,695,
0.311858882743766,0.09725596274618999,0.342158545606757,0.11707247033173122,6,3,696,
0.31186304788189956,0.09725856063418797,0.34216504207145115,0.11707691601575794,6,3,697,
0.31186720293131254,0.09726115226420048,0.34217152381344634,0.11708135170881588,6,3,698,
0.3118713479283262,0.0972637376586311,0.34217799088741674,0.11708577744774903,6,3,699,
0.31187548290906847,0.09726631683976465,0.3421844433477522,0.11709019326921107,6,3,700,
0.31187960790947417,0.09726888982976735,0.3421908812485598,0.11709459920966593,6,3,701,
0.31188372296528677,0.09727145665068776,0.34219730464366516,0.11709899530538938,6,3,702,
0.31188782811205984,0.09727401732445778,0.34220371358661505,0.11710338159247008,6,3,703,
0.3118919233851586,0.09727657187289362,0.3422101081306792,0.11710775810681116,6,3,704,
0.3118960088197595,0.09727912031769548,0.34221648832885104,0.11711212488413064,6,3,705,
0.3119000844508542,0.09728166268044999,0.3422228542338512,0.11711648195996376,6,3,706,
0.31190415031324886,0.09728419898262973,0.3422292058981279,0.11712082936966323,6,3,707,
0.31190820644156636,0.09728672924559477,0.3422355433738601,0.11712516714840128,6,3,708,
0.311912252870246,0.09728925349059228,0.3422418667129571,0.1171294953311695,6,3,709,
0.31191628963354756,0.09729177173875912,0.34224817596706303,0.11713381395278173,6,3,710,
0.31192031676554965,0.09729428401112085,0.3422544711875562,0.11713812304787373,6,3,711,
0.3119243343001527,0.09729679032859342,0.3422607524255529,0.11714242265090563,6,3,712,
0.31192834227107924,0.09729929071198355,0.3422670197319072,0.11714671279616176,6,3,713,
0.31193234071187576,0.09730178518198974,0.3422732731572138,0.11715099351775267,6,3,714,
0.3119363296559137,0.09730427375920289,0.3422795127518094,0.11715526484961604,6,3,715,
0.31194030913639015,0.09730675646410666,0.3422857385657747,0.11715952682551789,6,3,716,
0.31194427918632983,0.09730923331707889,0.3422919506489356,0.11716377947905335,6,3,717,
0.31194823983858483,0.09731170433839124,0.3422981490508645,0.11716802284364781,6,3,718,
0.3119521911258383,0.09731416954821154,0.3423043338208835,0.11717225695255885,6,3,719,
0.31195613308060294,0.09731662896660284,0.3423105050080642,0.11717648183887595,6,3,720,
0.3119600657352235,0.09731908261352497,0.34231666266123056,0.11718069753552272,6,3,721,
0.31196398912187745,0.09732153050883488,0.34232280682895944,0.11718490407525708,6,3,722,
0.3119679032725765,0.09732397267228764,0.34232893755958327,0.11718910149067305,6,3,723,
0.31197180821916753,0.09732640912353706,0.3423350549011911,0.11719328981420152,6,3,724,
0.31197570399333363,0.09732883988213611,0.3423411589016301,0.11719746907811115,6,3,725,
0.31197959062659475,0.09733126496753765,0.34234724960850715,0.11720163931450948,6,3,726,
0.3119834681503101,0.09733368439909554,0.3423533270691907,0.11720580055534426,6,3,727,
0.31198733659567734,0.09733609819606448,0.3423593913308113,0.1172099528324036,6,3,728,
0.31199119599373604,0.0973385063776018,0.3423654424402652,0.11721409617731851,6,3,729,
0.3119950463753654,0.0973409089627664,0.3423714804442125,0.11721823062156178,6,3,730,
0.31199888777128887,0.09734330597052131,0.3423775053890825,0.11722235619645122,6,3,731,
0.312002720212073,0.0973456974197331,0.3423835173210723,0.11722647293314901,6,3,732,
0.31200654372812875,0.09734808332917273,0.3423895162861493,0.11723058086266329,6,3,733,
0.31201035834971336,0.09735046371751656,0.34239550233005306,0.11723468001584936,6,3,734,
0.3120141641069306,0.09735283860334663,0.34240147549829597,0.11723877042341016,6,3,735,
0.3120179610297317,0.09735520800515117,0.34240743583616495,0.11724285211589743,6,3,736,
0.31202174914791714,0.09735757194132572,0.3424133833887233,0.11724692512371282,6,3,737,
0.31202552849113663,0.09735993043017312,0.34241931820081134,0.11725098947710849,6,3,738,
0.31202929908889054,0.0973622834899043,0.3424252403170483,0.11725504520618829,6,3,739,
0.3120330609705321,0.09736463113863979,0.3424311497818341,0.11725909234090891,6,3,740,
0.3120368141652654,0.09736697339440838,0.34243704663934926,0.11726313091107986,6,3,741,
0.31204055870214925,0.09736931027514945,0.3424429309335581,0.11726716094636563,6,3,742,
0.31204429461009725,0.09737164179871317,0.34244880270820904,0.11727118247628587,6,3,743,
0.31204802191787784,0.09737396798286037,0.34245466200683605,0.11727519553021633,6,3,744,
0.3120517406541164,0.09737628884526393,0.34246050887276025,0.11727920013738992,6,3,745,
0.3120554508472951,0.09737860440350861,0.3424663433490906,0.1172831963268972,6,3,746,
0.3120591525257554,0.09738091467509268,0.3424721654787265,0.11728718412768822,6,3,747,
0.3120628457176974,0.09738321967742739,0.3424779753043579,0.11729116356857239,6,3,748,
0.31206653045118105,0.0973855194278379,0.34248377286846654,0.11729513467821936,6,3,749,
0.31207020675412805,0.09738781394356424,0.3424895582133284,0.11729909748516086,6,3,750,
0.31207387465432157,0.09739010324176123,0.3424953313810139,0.11730305201779054,6,3,751,
0.3120775341794078,0.09739238733949945,0.34250109241338966,0.11730699830436528,6,3,752,
0.3120811853568969,0.09739466625376583,0.34250684135211945,0.11731093637300591,6,3,753,
0.31208482821416306,0.09739694000146368,0.3425125782386657,0.1173148662516981,6,3,754,
0.3120884627784462,0.0973992085994136,0.3425183031142906,0.11731878796829306,6,3,755,
0.3120920890768529,0.09740147206435427,0.3425240160200576,0.1173227015505087,6,3,756,
0.3120957071363568,0.0974037304129426,0.3425297169968326,0.11732660702593022,6,3,757,
0.3120993169837993,0.09740598366175403,0.34253540608528404,0.11733050442201043,6,3,758,
0.3121029186458911,0.09740823182728373,0.34254108332588595,0.11733439376607153,6,3,759,
0.3121065121492118,0.09741047492594611,0.3425467487589177,0.11733827508530512,6,3,760,
0.31211009752021285,0.09741271297407678,0.3425524024244664,0.11734214840677358,6,3,761,
0.31211367478521623,0.09741494598793174,0.34255804436242654,0.1173460137574102,6,3,762,
0.3121172439704164,0.09741717398368845,0.3425636746125025,0.11734987116402046,6,3,763,
0.31212080510188056,0.09741939697744612,0.3425692932142092,0.11735372065328283,6,3,764,
0.31212435820554996,0.09742161498522645,0.3425749002068728,0.11735756225174887,6,3,765,
0.3121279033072406,0.09742382802297413,0.342580495629633,0.11736139598584501,6,3,766,
0.31213144043264385,0.0974260361065571,0.34258607952144327,0.11736522188187265,6,3,767,
0.3121349696073269,0.0974282392517669,0.34259165192107166,0.11736903996600873,6,3,768,
0.31213849085673473,0.09743043747431987,0.3425972128671032,0.11737285026430724,6,3,769,
0.31214200420618926,0.09743263078985667,0.3426027623979398,0.1173766528026992,6,3,770,
0.31214550968089133,0.09743481921394342,0.3426083005518018,0.11738044760699377,6,3,771,
0.3121490073059213,0.09743700276207212,0.34261382736672913,0.11738423470287886,6,3,772,
0.31215249710623916,0.09743918144966066,0.3426193428805822,0.11738801411592198,6,3,773,
0.3121559791066862,0.09744135529205389,0.3426248471310437,0.11739178587157104,6,3,774,
0.31215945333198486,0.09744352430452362,0.342630340155618,0.11739554999515449,6,3,775,
0.3121629198067401,0.09744568850226926,0.34263582199163417,0.11739930651188281,6,3,776,
0.3121663785554401,0.09744784790041833,0.342641292676246,0.11740305544684886,6,3,777,
0.3121698296024564,0.09745000251402666,0.3426467522464325,0.11740679682502808,6,3,778,
0.3121732729720456,0.09745215235807929,0.3426522007390006,0.11741053067128038,6,3,779,
0.31217670868834907,0.09745429744749036,0.34265763819058465,0.11741425701034963,6,3,780,
0.31218013677539436,0.09745643779710392,0.34266306463764795,0.11741797586686488,6,3,781,
0.31218355725709546,0.09745857342169419,0.34266848011648365,0.11742168726534097,6,3,782,
0.3121869701572544,0.09746070433596644,0.34267388466321674,0.11742539123017957,6,3,783,
0.3121903754995602,0.0974628305545564,0.3426792783138033,0.11742908778566905,6,3,784,
0.31219377330759157,0.09746495209203186,0.3426846611040328,0.11743277695598581,6,3,785,
0.31219716360481625,0.0974670689628924,0.34269003306952883,0.11743645876519475,6,3,786,
0.3122005464145923,0.09746918118157,0.34269539424574963,0.11744013323724978,6,3,787,
0.3122039217601684,0.09747128876242936,0.34270074466798967,0.11744380039599464,6,3,788,
0.3122072896646848,0.0974733917197684,0.3427060843713801,0.11744746026516349,6,3,789,
0.312210650151174,0.09747549006781876,0.34271141339089,0.11745111286838152,6,3,790,
0.31221400324256154,0.09747758382074621,0.3427167317613275,0.1174547582291657,6,3,791,
0.31221734896166575,0.09747967299265056,0.3427220395173401,0.11745839637092521,6,3,792,
0.3122206873311997,0.09748175759756676,0.3427273366934161,0.1174620273169622,6,3,793,
0.31222401837377106,0.09748383764946492,0.3427326233238856,0.11746565109047244,6,3,794,
0.31222734211188335,0.09748591316225104,0.3427378994429213,0.11746926771454604,6,3,795,
0.3122306585679354,0.09748798414976666,0.34274316508453917,0.11747287721216768,6,3,796,
0.31223396776422346,0.09749005062579014,0.3427484202825995,0.11747647960621746,6,3,797,
0.3122372697229406,0.09749211260403635,0.3427536650708079,0.11748007491947156,6,3,798,
0.3122405644661779,0.09749417009815738,0.34275889948271626,0.1174836631746028,6,3,799,
0.31224385201592597,0.09749622312174348,0.3427641235517239,0.11748724439418146,6,3,800,
0.31224713239407315,0.09749827168832186,0.3427693373110773,0.11749081860067506,6,3,801,
0.3122504056224088,0.09750031581135882,0.34277454079387226,0.11749438581644998,6,3,802,
0.3122536717226225,0.09750235550425927,0.3427797340330544,0.11749794606377151,6,3,803,
0.31225693071630417,0.09750439078036677,0.34278491706141956,0.1175014993648043,6,3,804,
0.31226018262494615,0.0975064216529647,0.3427900899116154,0.1175050457416134,6,3,805,
0.31226342746994235,0.09750844813527593,0.3427952526161413,0.11750858521616413,6,3,806,
0.3122666652725904,0.09751047024046401,0.34280040520735056,0.11751211781032372,6,3,807,
0.31226989605409083,0.09751248798163269,0.34280554771744987,0.1175156435458608,6,3,808,
0.31227311983554823,0.09751450137182667,0.34281068017850114,0.1175191624444466,6,3,809,
0.31227633663797155,0.09751651042403174,0.34281580262242145,0.11752267452765502,6,3,810,
0.312279546482275,0.09751851515117536,0.34282091508098483,0.11752617981696382,6,3,811,
0.31228274938927897,0.0975205155661272,0.3428260175858223,0.11752967833375454,6,3,812,
0.31228594537970966,0.097522511681699,0.3428311101684232,0.11753317009931355,6,3,813,
0.31228913447420026,0.09752450351064512,0.3428361928601357,0.11753665513483216,6,3,814,
0.3122923166932912,0.0975264910656629,0.3428412656921676,0.11754013346140745,6,3,815,
0.31229549205743123,0.0975284743593931,0.3428463286955875,0.11754360510004283,6,3,816,
0.3122986605869775,0.09753045340442015,0.34285138190132497,0.11754707007164818,6,3,817,
0.31230182230219605,0.09753242821327243,0.3428564253401719,0.11755052839704087,6,3,818,
0.3123049772232628,0.09753439879842267,0.3428614590427831,0.11755398009694601,6,3,819,
0.31230812537026337,0.09753636517228813,0.3428664830396765,0.11755742519199677,6,3,820,
0.31231126676319465,0.09753832734723132,0.3428714973612355,0.11756086370273572,6,3,821,
0.3123144014219645,0.09754028533555997,0.3428765020377078,0.11756429564961424,6,3,822,
0.3123175293663923,0.09754223914952731,0.342881497099207,0.11756772105299351,6,3,823,
0.31232065061620984,0.09754418880133263,0.34288648257571436,0.11757113993314565,6,3,824,
0.31232376519106214,0.09754613430312171,0.3428914584970777,0.11757455231025317,6,3,825,
0.31232687311050633,0.09754807566698634,0.34289642489301303,0.11757795820440974,6,3,826,
0.312329974394015,0.09755001290496607,0.342901381793106,0.11758135763562143,6,3,827,
0.31233306906097374,0.09755194602904699,0.34290632922681114,0.1175847506238062,6,3,828,
0.31233615713068363,0.09755387505116309,0.34291126722345416,0.11758813718879518,6,3,829,
0.3123392386223605,0.09755579998319587,0.342916195812231,0.11759151735033235,6,3,830,
0.31234231355513686,0.09755772083697543,0.3429211150222101,0.11759489112807586,6,3,831,
0.31234538194806083,0.09755963762428001,0.3429260248823324,0.11759825854159808,6,3,832,
0.3123484438200974,0.09756155035683656,0.34293092542141185,0.11760161961038593,6,3,833,
0.3123514991901294,0.0975634590463214,0.3429358166681364,0.11760497435384165,6,3,834,
0.3123545480769567,0.09756536370435984,0.34294069865106885,0.11760832279128323,6,3,835,
0.3123575904992981,0.09756726434252723,0.3429455713986474,0.11761166494194475,6,3,836,
0.3123606264757909,0.09756916097234855,0.342950434939186,0.11761500082497683,6,3,837,
0.3123636560249911,0.09757105360529897,0.34295528930087554,0.11761833045944725,6,3,838,
0.31236667916537547,0.0975729422528046,0.3429601345117844,0.11762165386434126,6,3,839,
0.31236969591533986,0.0975748269262419,0.3429649705998587,0.11762497105856194,6,3,840,
0.3123727062932013,0.09757670763693861,0.34296979759292406,0.11762828206093129,6,3,841,
0.3123757103171981,0.09757858439617405,0.3429746155186849,0.11763158689018974,6,3,842,
0.31237870800548945,0.09758045721517883,0.3429794244047257,0.11763488556499692,6,3,843,
0.3123816993761569,0.09758232610513565,0.34298422427851205,0.11763817810393265,6,3,844,
0.3123846844472049,0.09758419107717978,0.342989015167391,0.11764146452549679,6,3,845,
0.31238766323655964,0.0975860521423982,0.34299379709859124,0.11764474484810958,6,3,846,
0.31239063576207177,0.0975879093118314,0.3429985700992245,0.11764801909011263,6,3,847,
0.31239360204151523,0.09758976259647258,0.3430033341962858,0.11765128726976892,6,3,848,
0.31239656209258787,0.09759161200726811,0.3430080894166541,0.11765454940526339,6,3,849,
0.312399515932913,0.09759345755511836,0.3430128357870929,0.11765780551470317,6,3,850,
0.3124024635800382,0.0975952992508771,0.3430175733342513,0.11766105561611846,6,3,851,
0.3124054050514376,0.09759713710535278,0.34302230208466405,0.11766429972746252,6,3,852,
0.3124083403645095,0.09759897112930721,0.3430270220647518,0.11766753786661172,6,3,853,
0.3124112695365802,0.09760080133345779,0.34303173330082326,0.11767077005136713,6,3,854,
0.31241419258490255,0.0976026277284766,0.3430364358190748,0.11767399629945421,6,3,855,
0.3124171095266559,0.09760445032499053,0.3430411296455901,0.11767721662852253,6,3,856,
0.3124200203789477,0.0976062691335821,0.343045814806343,0.11768043105614778,6,3,857,
0.31242292515881315,0.09760808416478936,0.343050491327196,0.11768363959983058,6,3,858,
0.3124258238832164,0.09760989542910654,0.34305515923390234,0.11768684227699809,6,3,859,
0.31242871656905025,0.09761170293698393,0.3430598185521057,0.1176900391050037,6,3,860,
0.31243160323313623,0.09761350669882786,0.343064469307341,0.11769323010112753,6,3,861,
0.3124344838922259,0.09761530672500154,0.34306911152503494,0.11769641528257686,6,3,862,
0.31243735856300126,0.09761710302582541,0.3430737452305073,0.11769959466648704,6,3,863,
0.3124402272620742,0.09761889561157656,0.3430783704489702,0.11770276826992082,6,3,864,
0.3124430900059874,0.09762068449248955,0.34308298720552965,0.11770593610986962,6,3,865,
0.31244594681121524,0.09762246967875673,0.34308759552518603,0.11770909820325365,6,3,866,
0.3124487976941634,0.09762425118052824,0.3430921954328343,0.11771225456692216,6,3,867,
0.31245164267116954,0.09762602900791223,0.3430967869532648,0.11771540521765397,6,3,868,
0.312454481758504,0.09762780317097529,0.3431013701111636,0.11771855017215768,6,3,869,
0.31245731497236984,0.09762957367974273,0.34310594493111385,0.11772168944707252,6,3,870,
0.3124601423289024,0.09763134054419795,0.3431105114375944,0.11772482305896759,6,3,871,
0.3124629638441719,0.09763310377428427,0.343115069654983,0.11772795102434383,6,3,872,
0.3124657795341813,0.0976348633799036,0.3431196196075547,0.11773107335963306,6,3,873,
0.31246858941486844,0.09763661937091764,0.34312416131948326,0.11773419008119879,6,3,874,
0.31247139350210584,0.09763837175714786,0.3431286948148419,0.1177373012053369,6,3,875,
0.3124741918117009,0.09764012054837565,0.34313322011760344,0.1177404067482757,6,3,876,
0.3124769843593954,0.09764186575434183,0.34313773725164015,0.11774350672617563,6,3,877,
0.3124797711608686,0.09764360738474881,0.34314224624072664,0.1177466011551315,6,3,878,
0.3124825522317346,0.09764534544925874,0.34314674710853726,0.11774969005117042,6,3,879,
0.31248532758754394,0.09764707995749464,0.34315123987864865,0.11775277343025387,6,3,880,
0.3124880972437844,0.09764881091904085,0.3431557245745402,0.11775585130827769,6,3,881,
0.3124908612158807,0.09765053834344281,0.3431602012195936,0.117758923701072,6,3,882,
0.3124936195191952,0.09765226224020752,0.34316466983709426,0.11776199062440193,6,3,883,
0.31249637216902726,0.09765398261880319,0.3431691304502308,0.11776505209396751,6,3,884,
0.31249911918061574,0.09765569948866068,0.34317358308209694,0.11776810812540489,6,3,885,
0.3125018605691367,0.09765741285917216,0.34317802775569073,0.11777115873428563,6,3,886,
0.31250459634970607,0.09765912273969274,0.34318246449391593,0.11777420393611786,6,3,887,
0.3125073265373782,0.09766082913953954,0.3431868933195818,0.117777243746346,6,3,888,
0.3125100511471473,0.09766253206799261,0.3431913142554039,0.1177802781803514,6,3,889,
0.31251277019394713,0.09766423153429481,0.343195727324005,0.11778330725345279,6,3,890,
0.31251548369265203,0.09766592754765227,0.34320013254791487,0.11778633098090634,6,3,891,
0.31251819165807654,0.09766762011723427,0.34320452994957107,0.11778934937790603,6,3,892,
0.3125208941049761,0.09766930925217368,0.34320891955131955,0.11779236245958412,6,3,893,
0.3125235910480474,0.09767099496156716,0.3432133013754149,0.11779537024101136,6,3,894,
0.31252628250192827,0.09767267725447508,0.34321767544402076,0.11779837273719719,6,3,895,
0.31252896848119827,0.09767435613992183,0.3432220417792106,0.11780136996309018,6,3,896,
0.31253164900038,0.09767603162689674,0.3432264004029686,0.11780436193357892,6,3,897,
0.31253432407393694,0.09767770372435265,0.3432307513371882,0.11780734866349073,6,3,898,
0.3125369937162765,0.09767937244120786,0.34323509460367535,0.11781033016759396,6,3,899,
0.3125396579417488,0.09768103778634536,0.34323943022414655,0.11781330646059676,6,3,900,
0.31254231676464705,0.09768269976861298,0.34324375822023057,0.1178162775571481,6,3,901,
0.31254497019920835,0.09768435839682404,0.3432480786134691,0.11781924347183828,6,3,902,
0.31254761825961364,0.09768601367975717,0.3432523914253158,0.11782220421919819,6,3,903,
0.31255026095998784,0.09768766562615648,0.34325669667713826,0.1178251598137009,6,3,904,
0.31255289831440086,0.0976893142447322,0.3432609943902177,0.11782811026976106,6,3,905,
0.3125555303368675,0.09769095954416049,0.3432652845857497,0.11783105560173572,6,3,906,
0.3125581570413471,0.0976926015330834,0.3432695672848444,0.11783399582392433,6,3,907,
0.312560778441745,0.09769424022010961,0.3432738425085266,0.11783693095056874,6,3,908,
0.31256339455191207,0.09769587561381424,0.3432781102777374,0.11783986099585446,6,3,909,
0.3125660053856455,0.09769750772273939,0.3432823706133338,0.11784278597391024,6,3,910,
0.3125686109566879,0.09769913655539332,0.3432866235360883,0.11784570589880801,6,3,911,
0.3125712112787296,0.09770076212025221,0.3432908690666907,0.11784862078456379,6,3,912,
0.312573806365407,0.09770238442575895,0.34329510722574874,0.11785153064513831,6,3,913,
0.3125763962303039,0.09770400348032394,0.34329933803378654,0.11785443549443604,6,3,914,
0.3125789808869514,0.09770561929232514,0.3433035615112471,0.1178573353463066,6,3,915,
0.31258156034882884,0.09770723187010852,0.34330777767849185,0.11786023021454478,6,3,916,
0.312584134629363,0.09770884122198774,0.3433119865558008,0.11786312011289037,6,3,917,
0.3125867037419293,0.09771044735624468,0.34331618816337395,0.11786600505502917,6,3,918,
0.31258926769985124,0.09771205028112925,0.3433203825213299,0.1178688850545923,6,3,919,
0.3125918265164012,0.09771365000485986,0.3433245696497081,0.11787176012515727,6,3,920,
0.31259438020480124,0.09771524653562384,0.34332874956846837,0.11787463028024808,6,3,921,
0.3125969287782225,0.09771683988157709,0.343332922297492,0.1178774955333357,6,3,922,
0.3125994722497852,0.09771843005084423,0.34333708785658035,0.11788035589783716,6,3,923,
0.3126020106325601,0.09772001705151921,0.3433412462654577,0.11788321138711767,6,3,924,
0.3126045439395676,0.09772160089166504,0.34334539754376964,0.11788606201448922,6,3,925,
0.31260707218377914,0.09772318157931449,0.3433495417110846,0.11788890779321184,6,3,926,
0.31260959537811606,0.09772475912246945,0.34335367878689405,0.1178917487364936,6,3,927,
0.31261211353545143,0.09772633352910197,0.34335780879061256,0.11789458485749085,6,3,928,
0.3126146266686086,0.09772790480715356,0.34336193174157786,0.11789741616930799,6,3,929,
0.31261713479036324,0.09772947296453613,0.3433660476590525,0.1179002426849987,6,3,930,
0.31261963791344205,0.09773103800913162,0.3433701565622232,0.11790306441756565,6,3,931,
0.3126221360505241,0.09773259994879238,0.34337425847020103,0.11790588137996044,6,3,932,
0.31262462921424006,0.09773415879134109,0.3433783534020227,0.11790869358508439,6,3,933,
0.312627117417174,0.0977357145445715,0.3433824413766506,0.11791150104578886,6,3,934,
0.3126296006718616,0.09773726721624762,0.3433865224129721,0.11791430377487457,6,3,935,
0.3126320789907924,0.09773881681410504,0.3433905965298019,0.11791710178509321,6,3,936,
0.31263455238640836,0.09774036334584993,0.343394663745881,0.11791989508914667,6,3,937,
0.3126370208711053,0.09774190681915992,0.3433987240798769,0.11792268369968743,6,3,938,
0.31263948445723244,0.0977434472416841,0.34340277755038523,0.11792546762931938,6,3,939,
0.3126419431570933,0.09774498462104317,0.3434068241759286,0.11792824689059714,6,3,940,
0.31264439698294516,0.09774651896482942,0.3434108639749585,0.11793102149602745,6,3,941,
0.3126468459469993,0.09774805028060672,0.34341489696585387,0.11793379145806801,6,3,942,
0.31264929006142245,0.09774957857591147,0.34341892316692324,0.11793655678912912,6,3,943,
0.3126517293383356,0.09775110385825189,0.34342294259640377,0.11793931750157283,6,3,944,
0.312654163789815,0.09775262613510846,0.34342695527246253,0.11794207360771398,6,3,945,
0.31265659342789226,0.09775414541393432,0.34343096121319594,0.1179448251198197,6,3,946,
0.31265901826455417,0.09775566170215481,0.343434960436631,0.1179475720501103,6,3,947,
0.31266143831174364,0.09775717500716827,0.3434389529607252,0.1179503144107592,6,3,948,
0.3126638535813592,0.09775868533634562,0.3434429388033663,0.1179530522138928,6,3,949,
0.31266626408525605,0.0977601926970311,0.3434469179823741,0.11795578547159159,6,3,950,
0.312668669835245,0.09776169709654145,0.3434508905154989,0.11795851419588921,6,3,951,
0.31267107084309487,0.09776319854216765,0.3434548564204239,0.11796123839877398,6,3,952,
0.31267346712052957,0.0977646970411729,0.3434588157147639,0.11796395809218815,6,3,953,
0.31267585867923164,0.09776619260079483,0.3434627684160664,0.11796667328802846,6,3,954,
0.3126782455308399,0.09776768522824421,0.34346671454181166,0.11796938399814633,6,3,955,
0.3126806276869514,0.09776917493070592,0.34347065410941313,0.1179720902343481,6,3,956,
0.3126830051591199,0.0977706617153382,0.34347458713621726,0.11797479200839492,6,3,957,
0.3126853779588585,0.09777214558927419,0.34347851363950566,0.11797748933200407,6,3,958,
0.3126877460976373,0.09777362655962046,0.3434824336364927,0.11798018221684763,6,3,959,
0.3126901095868851,0.0977751046334582,0.3434863471443279,0.11798287067455374,6,3,960,
0.3126924684379892,0.09777657981784288,0.34349025418009504,0.11798555471670628,6,3,961,
0.31269482266229603,0.09777805211980478,0.34349415476081374,0.11798823435484584,6,3,962,
0.3126971722711107,0.09777952154634868,0.34349804890343827,0.11799090960046887,6,3,963,
0.31269951727569784,0.09778098810445446,0.3435019366248595,0.11799358046502899,6,3,964,
0.31270185768728076,0.09778245180107638,0.3435058179419032,0.11799624695993595,6,3,965,
0.3127041935170426,0.09778391264314402,0.3435096928713324,0.11799890909655708,6,3,966,
0.31270652477612687,0.09778537063756246,0.3435135614298458,0.11800156688621645,6,3,967,
0.31270885147563676,0.09778682579121185,0.3435174236340804,0.11800422034019625,6,3,968,
0.312711173626635,0.09778827811094745,0.3435212795006092,0.11800686946973564,6,3,969,
0.31271349124014547,0.09778972760360054,0.3435251290459431,0.11800951428603186,6,3,970,
0.31271580432715285,0.09779117427597814,0.3435289722865314,0.11801215480024045,6,3,971,
0.3127181128986015,0.09779261813486248,0.3435328092387606,0.1180147910234747,6,3,972,
0.312720416965398,0.09779405918701237,0.34353663991895655,0.11801742296680683,6,3,973,
0.3127227165384089,0.09779549743916202,0.3435404643433831,0.11802005064126725,6,3,974,
0.31272501162846317,0.09779693289802244,0.34354428252824337,0.11802267405784551,6,3,975,
0.3127273022463506,0.09779836557028031,0.3435480944896798,0.11802529322748999,6,3,976,
0.31272958840282333,0.0977997954625993,0.34355190024377463,0.11802790816110847,6,3,977,
0.3127318701085945,0.0978012225816188,0.34355569980654954,0.118030518869568,6,3,978,
0.3127341473743403,0.09780264693395561,0.3435594931939668,0.1180331253636953,6,3,979,
0.3127364202106988,0.09780406852620277,0.34356328042192885,0.11803572765427692,6,3,980,
0.3127386886282704,0.09780548736493026,0.34356706150627886,0.1180383257520592,6,3,981,
0.31274095263761836,0.09780690345668507,0.3435708364628013,0.11804091966774893,6,3,982,
0.31274321224926893,0.09780831680799128,0.3435746053072216,0.11804350941201312,6,3,983,
0.31274546747371107,0.09780972742535006,0.34357836805520686,0.11804609499547919,6,3,984,
0.3127477183213969,0.09781113531523984,0.34358212472236604,0.11804867642873551,6,3,985,
0.31274996480274253,0.09781254048411671,0.3435858753242505,0.11805125372233143,6,3,986,
0.3127522069281271,0.09781394293841404,0.3435896198763534,0.11805382688677703,6,3,987,
0.3127544447078932,0.09781534268454264,0.3435933583941111,0.11805639593254406,6,3,988,
0.3127566781523482,0.0978167397288915,0.34359709089290236,0.11805896087006541,6,3,989,
0.3127589072717624,0.09781813407782687,0.3436008173880495,0.11806152170973572,6,3,990,
0.31276113207637185,0.0978195257376937,0.3436045378948185,0.11806407846191176,6,3,991,
0.31276335257637555,0.09782091471481422,0.3436082524284187,0.11806663113691192,6,3,992,
0.3127655687819383,0.09782230101548937,0.34361196100400354,0.11806917974501685,6,3,993,
0.3127677807031887,0.09782368464599794,0.3436156636366706,0.11807172429646957,6,3,994,
0.312769988350221,0.0978250656125974,0.34361936034146223,0.11807426480147568,6,3,995,
0.31277219173309406,0.09782644392152337,0.34362305113336516,0.1180768012702033,6,3,996,
0.31277439086183234,0.09782781957899027,0.34362673602731164,0.11807933371278373,6,3,997,
0.31277658574642575,0.09782919259119122,0.3436304150381788,0.11808186213931103,6,3,998,
0.3127787763968296,0.09783056296429794,0.34363408818078955,0.11808438655984264,6,3,999,
0.3127809628229651,0.09783193070446106,0.34363775546991276,0.11808690698439957,6,3,1000,
